Year,Allowed,New.Diagnoses.State.Rate,New.Diagnoses.Male.Rate,New.Diagnoses.Female.Rate,New.Diagnoses.Black.Rate,New.Diagnoses.Hispanic.Rate,New.Diagnoses.White.Rate,New.Diagnoses.American.Indian.Alaska.Native.Rate,New.Diagnoses.Multiple.Race.Rate,New.Diagnoses.Male.and.IDU.Cases,New.Diagnoses.Male.and.IDU.Percent,New.Diagnoses.Female.and.IDU.Cases,New.Diagnoses.Female.and.IDU.Percent,New.Diagnoses.IDU.and.Age.13.24.Cases,New.Diagnoses.IDU.and.Age.13.24.Percent,New.Diagnoses.IDU.and.Age.25.34.Cases,New.Diagnoses.IDU.and.Age.25.34.Percent,New.Diagnoses.IDU.and.Age.35.44.Cases,New.Diagnoses.IDU.and.Age.35.44.Percent,New.Diagnoses.IDU.and.Age.45.54.Cases,New.Diagnoses.IDU.and.Age.45.54.Percent,New.Diagnoses.IDU.and.Age.55..Cases,New.Diagnoses.IDU.and.Age.55..Percent,New.Diagnoses.IDU.and.American.Indian.Alaska.Native.Cases,New.Diagnoses.IDU.and.American.Indian.Alaska.Native.Percent,New.Diagnoses.IDU.and.Asian.Cases,New.Diagnoses.IDU.and.Asian.Percent,New.Diagnoses.IDU.and.Black.Cases,New.Diagnoses.IDU.and.Black.Percent,New.Diagnoses.IDU.and.Hispanic.Cases,New.Diagnoses.IDU.and.Hispanic.Percent,New.Diagnoses.IDU.and.White.Cases,New.Diagnoses.IDU.and.White.Percent,New.Diagnoses.IDU.Total.Cases,New.Diagnoses.MSM.IDU.Cases,New.Diagnoses.MSM.IDU.Percent,New.Diagnoses.MSM.IDU.and.Age.13.24.Cases,New.Diagnoses.MSM.IDU.and.Age.13.24.Percent,New.Diagnoses.MSM.IDU.and.Age.25.34.Cases,New.Diagnoses.MSM.IDU.and.Age.25.34.Percent,New.Diagnoses.MSM.IDU.and.Age.35.44.Cases,New.Diagnoses.MSM.IDU.and.Age.35.44.Percent,New.Diagnoses.MSM.IDU.and.Age.45.54.Cases,New.Diagnoses.MSM.IDU.and.Age.45.54.Percent,New.Diagnoses.MSM.IDU.and.Age.55..Cases,New.Diagnoses.MSM.IDU.and.Age.55..Percent,New.Diagnoses.MSM.IDU.and.American.Indian.Alaska.Native.Cases,New.Diagnoses.MSM.IDU.and.American.Indian.Alaska.Native.Percent,New.Diagnoses.MSM.IDU.and.Asian.Cases,New.Diagnoses.MSM.IDU.and.Asian.Percent,New.Diagnoses.MSM.IDU.and.Black.Cases,New.Diagnoses.MSM.IDU.and.Black.Percent,New.Diagnoses.MSM.IDU.and.Hispanic.Cases,New.Diagnoses.MSM.IDU.and.Hispanic.Percent,New.Diagnoses.MSM.IDU.and.White.Cases,New.Diagnoses.MSM.IDU.and.White.Percent
2008,No,19,27,11,50,31,5,5,155,26,5.1,28,13.2,5,2.9,9,4.8,17,10.2,18,12.6,7,14.3,0,0,1,25,35,7.1,2,6.9,15,10.3,54,21,4.2,2,1.2,7,3.7,6,3.6,4,2.8,2,4.1,0,0,0,0,8,1.6,0,0,11,7.5
2008,No,7,10,3,29,3,5,15,0,2,6.7,1,12.5,0,0,1,10,0,0,2,18.2,0,0,0,0,0,-1,1,16.7,0,0,2,10.5,3,3,10,0,0,1,10,2,20,0,0,0,0,0,0,0,-1,0,0,0,0,3,15.8
2008,No,13,23,3,35,17,10,13,23,45,7.5,31,36.9,6,5.4,21,9.8,27,13.3,18,15.3,5,13.5,1,3.6,0,0,9,14.1,37,15.7,27,8.1,76,50,8.3,6,5.4,18,8.4,17,8.4,8,6.8,2,5.4,4,14.3,0,0,6,9.4,11,4.7,29,8.7
2008,No,11,18,4,36,16,5,6,58,10,5,8,17.8,2,4.3,5,6.9,4,6.8,6,12.2,1,4.8,0,0,0,0,12,9.4,1,5.6,5,5.8,18,13,6.4,3,6.5,5,6.9,2,3.4,3,6.1,1,4.8,0,0,0,0,4,3.1,2,11.1,5,5.8
2008,No,19,34,5,61,23,14,12,35,277,5.5,159,21.9,28,3.1,83,4.9,131,7.9,129,12.1,65,16.3,3,15.8,5,2.1,131,11.7,128,5.7,157,8.3,436,344,6.9,45,5,118,6.9,105,6.3,62,5.8,14,3.5,2,10.5,5,2.1,41,3.7,133,5.9,150,8
2008,No,11,19,3,41,20,8,10,12,14,3.6,8,13.1,2,3.3,5,3.6,4,3.2,7,7.7,5,12.2,0,0,2,18.2,5,7.9,5,3.6,8,3.4,22,38,9.6,3,5,17,12.2,13,10.5,4,4.4,1,2.4,1,33.3,0,0,4,6.3,13,9.4,19,8.2
2008,No,12,18,7,51,34,4,0,30,36,14.4,18,16.8,2,3.9,10,10.6,16,19.8,17,20,9,19.6,0,-1,0,0,22,16.3,21,19.4,11,11.2,54,13,5.2,5,9.8,2,2.1,3,3.7,0,0,1,2.2,0,-1,0,0,2,1.5,3,2.8,3,3.1
2008,Yes,22,32,13,71,31,7,0,89,12,10.8,9,18,0,0,5,12.5,8,14.8,5,17.9,2,14.3,0,-1,0,0,10,9.7,4,30.8,6,16.7,21,4,3.6,0,0,1,2.5,2,3.7,1,3.6,0,0,0,-1,0,0,2,1.9,1,7.7,1,2.8
2008,No,209,317,116,299,183,75,74,817,72,9.6,68,21.6,9,6.3,22,8.6,34,11.9,53,20.1,22,19.1,0,0,1,16.7,126,15.6,6,8.2,3,2.3,140,53,7.1,8,5.6,16,6.3,12,4.2,9,3.4,8,7,0,0,0,0,36,4.5,3,4.1,6,4.5
2008,No,38,57,21,134,41,16,13,111,224,5.2,179,10.7,23,2.7,73,5.5,93,5.5,155,11.2,59,8.4,2,33.3,2,6.5,183,6.2,88,7,114,7.3,403,170,4,16,1.9,48,3.6,57,3.4,40,2.9,9,1.3,0,0,0,0,50,1.7,42,3.3,75,4.8
2008,No,41,62,20,97,39,12,5,226,126,5.3,115,14.1,21,3.2,38,4.7,64,7.5,83,13,36,14.6,0,0,2,12.5,176,7.9,10,4.8,41,7.1,241,95,4,18,2.8,22,2.7,25,2.9,20,3.1,10,4.1,0,0,0,0,49,2.2,9,4.3,26,4.5
2008,No,8,14,2,41,10,11,0,5,1,1.4,2,16.7,0,0,1,4.2,0,0,1,5,0,0,0,-1,1,4.8,0,0,0,0,0,0,3,5,6.8,1,8.3,2,8.3,1,4.8,0,0,0,0,0,-1,0,0,0,0,0,0,1,3.2
2008,No,4,7,1,29,7,4,7,0,0,0,0,0,0,0,0,0,0,0,0,0,0,0,0,0,0,0,0,0,0,0,1,2.5,0,7,15.9,2,13.3,1,6.3,3,30,0,0,0,0,1,100,0,0,0,0,1,12.5,4,10
2008,No,18,27,9,65,24,6,11,122,117,8.3,100,21.8,16,3.9,29,5.6,54,11.9,75,22.1,43,28.9,0,0,1,3.2,152,15.6,27,8.1,31,7.3,217,82,5.8,16,3.9,21,4,26,5.7,15,4.4,4,2.7,0,0,0,0,29,3,27,8.1,20,4.7
2008,No,9,14,4,45,20,4,8,45,24,6.6,13,13.1,2,2.2,4,3.2,11,8.3,12,15.2,9,23.7,0,0,2,33.3,21,10.5,2,4.3,11,5.8,37,17,4.7,3,3.3,7,5.6,5,3.8,2,2.5,0,0,0,0,1,16.7,3,1.5,3,6.4,7,3.7
2008,No,4,6,1,18,14,3,0,18,3,3.8,4,22.2,2,14.3,1,3.6,2,9.1,1,4.5,1,10,0,-1,0,0,0,0,1,8.3,6,8.6,7,1,1.3,0,0,0,0,1,4.5,0,0,0,0,0,-1,0,0,0,0,0,0,1,1.4
2008,No,6,10,2,30,11,4,0,39,6,5.1,5,21.7,2,8.3,1,2.4,5,13.5,2,6.5,1,12.5,0,-1,0,-1,1,2.6,0,0,8,11.4,11,8,6.8,0,0,1,2.4,5,13.5,1,3.2,0,0,0,-1,0,-1,0,0,1,5,7,10
2008,No,10,17,3,48,34,6,0,42,20,6.7,17,32.7,2,2.7,9,9.5,11,12.4,11,16.4,3,12,0,-1,0,0,17,13.7,1,4,18,9.6,37,19,6.4,3,4.1,8,8.4,7,7.9,1,1.5,0,0,0,-1,0,0,7,5.6,1,4,10,5.3
2008,No,30,41,19,70,55,9,5,81,59,8.3,66,18.1,8,3.3,32,10.3,37,15.9,32,16.2,16,16.7,0,0,0,0,102,13,5,7.7,16,7.8,125,31,4.3,8,3.3,7,2.3,9,3.9,4,2,3,3.1,0,0,0,0,19,2.4,2,3.1,7,3.4
2008,No,4,7,1,43,24,4,0,0,4,10.8,1,12.5,0,0,1,12.5,1,7.7,0,0,2,18.2,0,-1,0,-1,0,0,0,0,4,10.5,5,1,2.7,1,16.7,0,0,0,0,0,0,0,0,0,-1,0,-1,0,0,0,0,1,2.6
2008,No,45,62,30,116,59,10,0,217,218,15.6,141,19.4,16,4.6,43,9.1,98,18.2,125,25.8,75,26.6,0,-1,1,8.3,286,18.4,9,5.4,43,15.4,359,55,3.9,11,3.2,12,2.5,20,3.7,8,1.6,5,1.8,0,-1,0,0,41,2.6,5,3,4,1.4
2008,Yes,14,20,8,78,41,7,9,36,76,14.2,51,23.8,7,9,31,15.8,30,14.8,42,21.9,17,21,0,0,2,8.7,45,18.4,43,25,33,11.3,127,40,7.5,6,7.7,15,7.7,9,4.4,8,4.2,1,1.2,0,0,0,0,4,1.6,8,4.7,26,8.9
2008,No,9,15,4,43,15,3,2,36,27,4.4,38,21.7,7,3.3,14,7.1,18,9.6,17,13.8,9,14.3,0,0,0,0,40,8.2,4,9.1,18,8.7,65,29,4.8,4,1.9,9,4.5,10,5.3,6,4.9,0,0,0,0,0,0,15,3.1,1,2.3,13,6.3
2008,No,8,12,4,63,21,5,14,23,9,3.7,12,14,4,7,6,5.6,4,4.7,6,10,1,4.5,2,33.3,0,0,9,8.3,2,6.7,7,4.1,21,21,8.5,2,3.5,10,9.3,4,4.7,3,5,2,9.1,0,0,1,16.7,2,1.8,1,3.3,17,10
2008,No,22,31,13,46,28,6,19,184,20,5.7,22,13.3,4,2.7,7,5.2,13,13.5,15,14.6,3,8.6,0,0,0,-1,31,7.9,1,7.1,9,10.7,42,15,4.3,1,0.7,4,3,5,5.2,4,3.9,1,2.9,0,0,0,-1,8,2,1,7.1,5,6
2008,No,11,19,4,49,23,6,0,33,12,2.7,17,16.7,6,4.3,5,3.2,7,5.1,9,10,2,7.4,0,-1,0,0,14,5.4,1,3.2,14,6,29,34,7.6,7,5,14,9.1,8,5.8,3,3.3,2,7.4,0,-1,0,0,5,1.9,4,12.9,23,9.8
2008,No,3,4,1,27,19,2,0,0,2,11.8,1,20,0,-1,2,25,1,16.7,0,0,0,0,0,-1,0,-1,0,0,1,25,2,11.8,3,0,0,0,-1,0,0,0,0,0,0,0,0,0,-1,0,-1,0,0,0,0,0,0
2008,No,7,10,4,58,7,4,0,26,4,5.8,3,10.7,0,0,1,3.6,3,9.1,2,11.1,1,16.7,0,-1,0,-1,3,8.8,0,0,4,7.5,7,7,10.1,0,0,2,7.1,2,6.1,2,11.1,1,16.7,0,-1,0,-1,1,2.9,0,0,6,11.3
2008,No,19,31,6,62,22,13,14,23,27,8.1,6,9.8,3,5.1,5,4.7,9,7.8,11,15.3,5,11.9,1,33.3,0,0,6,6.2,7,6.5,18,10.7,33,26,7.8,4,6.8,7,6.6,13,11.2,3,4.2,0,0,0,0,0,0,9,9.3,3,2.8,14,8.3
2008,No,4,6,2,93,27,2,0,12,-2,-2,-2,-2,-2,-2,-2,-2,-2,-2,-2,-2,-2,-2,-2,-2,-2,-2,-2,-2,-2,-2,-2,-2,0,-2,-2,-2,-2,-2,-2,-2,-2,-2,-2,-2,-2,-2,-2,-2,-2,-2,-2,-2,-2,-2,-2
2008,No,21,30,12,75,40,5,0,155,164,15.8,94,21.3,11,5,47,12.5,72,18,88,26.7,40,26.8,0,-1,1,14.3,137,19.6,74,17.1,32,13.3,258,45,4.3,8,3.6,18,4.8,10,2.5,7,2.1,2,1.3,0,-1,1,14.3,14,2,14,3.2,12,5
2008,Yes,9,17,2,33,11,6,13,12,13,9.7,4,22.2,3,12,4,10,5,10.6,3,10,1,10,1,5.6,0,-1,2,18.2,10,12.8,3,7,17,17,12.7,4,16,6,15,5,10.6,2,6.7,1,10,3,16.7,0,-1,0,0,9,11.5,4,9.3
2008,Yes,30,46,15,82,70,8,2,183,395,11,244,19.3,40,4.7,92,7.4,167,12.5,217,22.8,124,26.5,0,0,9,10.1,321,16.5,219,12.5,54,6.9,639,163,4.6,30,3.5,49,3.9,42,3.2,28,2.9,15,3.2,0,0,0,0,37,1.9,83,4.7,31,4
2008,No,23,36,12,69,35,8,7,133,63,4.8,63,13.9,6,2,24,5.5,29,6,49,12.3,17,11.5,0,0,0,0,83,7.6,10,6.3,26,6.1,126,49,3.7,9,3,10,2.3,18,3.7,9,2.3,4,2.7,1,16.7,0,0,21,1.9,7,4.4,18,4.2
2008,No,2,4,0,42,0,2,0,44,0,0,0,0,0,-1,0,0,0,0,0,0,0,0,0,-1,0,-1,0,0,0,-1,0,0,0,1,8.3,0,-1,0,0,0,0,0,0,1,50,0,-1,0,-1,0,0,0,-1,1,11.1
2008,No,11,18,4,46,33,6,10,39,29,3.4,30,13.7,3,1.3,16,5.8,14,4.8,18,9.1,7,11.3,0,0,0,0,31,6.3,4,5.4,24,5.3,59,35,4.1,11,4.7,11,4,8,2.7,5,2.5,2,3.2,0,0,0,0,8,1.6,4,5.4,20,4.4
2008,No,10,16,3,30,19,7,7,16,20,8.4,13,27.1,6,9.5,13,15.9,6,7.5,7,17.1,0,0,3,20,0,0,3,4.5,3,8.1,21,14.2,33,18,7.5,2,3.2,8,9.8,6,7.5,1,2.4,0,0,1,6.7,0,0,3,4.5,3,8.1,12,8.1
2008,No,9,15,3,56,19,7,8,10,17,7.1,9,19.1,2,5.7,8,8.1,8,10.7,4,8.3,4,13.8,1,33.3,1,10,2,6.9,5,9.4,17,9.2,26,20,8.4,5,14.3,3,3,7,9.3,4,8.3,1,3.4,0,0,0,0,1,3.4,2,3.8,15,8.2
2008,No,17,25,9,89,70,5,7,140,174,13.5,88,17.1,16,5.1,41,10.4,85,17.7,89,20.9,31,16.8,0,0,0,0,108,11.7,75,24.4,69,15.2,262,58,4.5,7,2.2,16,4,17,3.5,17,4,2,1.1,0,0,1,7.1,22,2.4,12,3.9,20,4.4
2008,No,14,18,10,79,45,7,0,34,11,13.9,16,34.8,0,0,7,25,9,21.4,8,28.6,3,25,0,-1,0,-1,10,30.3,11,26.8,6,12.5,27,4,5.1,0,0,1,3.6,2,4.8,0,0,0,0,0,-1,0,-1,0,0,1,2.4,2,4.2
2008,No,19,28,11,49,34,6,15,53,30,6,24,11.5,3,1.9,11,6,19,11.4,14,11.5,8,11,0,0,0,0,34,6.8,3,6.7,14,9.5,54,19,3.8,6,3.7,4,2.2,5,3,2,1.6,2,2.7,0,0,0,0,11,2.2,1,2.2,6,4.1
2008,No,4,7,2,138,0,2,17,15,3,13,1,16.7,0,0,2,16.7,2,25,0,0,0,0,2,25,0,-1,1,12.5,0,-1,1,8.3,4,1,4.3,0,0,0,0,1,12.5,0,0,0,0,1,12.5,0,-1,0,0,0,-1,0,0
2008,No,19,29,10,77,34,7,7,70,18,2.5,31,11.2,4,1.8,10,3.5,16,6.3,11,6.3,7,10.6,0,0,0,0,26,4.1,2,3.6,20,7.2,49,17,2.3,3,1.4,7,2.4,3,1.2,4,2.3,1,1.5,0,0,0,0,6,0.9,0,0,11,4
2008,No,22,34,10,75,21,10,3,99,238,7.4,160,17.1,35,4.1,93,7.4,116,10.4,118,17.6,37,13.7,0,0,1,2.3,175,10.6,106,7.8,96,10.1,398,158,4.9,23,2.7,56,4.4,43,3.9,30,4.5,7,2.6,0,0,0,0,49,3,46,3.4,55,5.8
2008,No,6,11,2,49,10,5,0,5,4,3.7,6,35.3,0,0,5,11.6,3,8.8,1,4.3,0,0,0,-1,0,0,0,0,4,17.4,5,5.5,10,23,21.1,6,35.3,8,18.6,6,17.6,2,8.7,1,11.1,0,-1,0,0,0,0,3,13,19,20.9
2008,No,4,6,1,0,15,3,0,21,4,25,1,33.3,0,0,1,12.5,0,0,2,66.7,1,33.3,0,-1,0,-1,0,-1,0,0,4,23.5,5,3,18.8,0,0,1,12.5,0,0,1,33.3,0,0,0,-1,0,-1,0,-1,1,100,2,11.8
2008,No,17,26,8,55,26,6,0,46,39,4.8,27,10.2,7,3,10,3.6,18,6.8,20,9.5,11,12,0,-1,0,0,45,6.6,7,6.9,10,4,66,27,3.3,4,1.7,4,1.4,7,2.6,8,3.8,3,3.3,0,-1,0,0,14,2.1,1,1,11,4.4
2008,No,10,16,3,51,22,7,13,22,19,4.3,16,18.2,4,5.1,7,4.5,7,4.4,11,12.9,6,11.8,3,30,0,0,9,9.8,11,11.2,12,4.4,35,39,8.9,5,6.3,15,9.7,16,10.1,1,1.2,2,3.9,0,0,0,0,3,3.3,4,4.1,27,9.9
2008,No,5,9,2,30,25,4,0,47,8,11.6,3,21.4,1,7.7,1,5.6,7,23.3,2,11.8,0,0,0,-1,0,-1,2,13.3,0,0,9,15.3,11,3,4.3,0,0,0,0,2,6.7,0,0,0,0,0,-1,0,-1,0,0,0,0,2,3.4
2008,No,5,8,2,39,17,2,3,28,9,4.8,8,15.4,1,1.6,3,4.4,7,12.5,5,12.8,2,14.3,0,0,0,0,7,7.1,4,12.1,4,4.4,17,4,2.2,1,1.6,2,2.9,0,0,0,0,0,0,0,0,0,0,1,1,1,3,1,1.1
2008,No,5,7,3,100,13,4,0,0,2,12.5,1,14.3,0,0,1,14.3,2,33.3,0,0,0,0,0,-1,0,-1,0,0,1,25,2,13.3,3,1,6.3,1,25,0,0,0,0,0,0,0,0,0,-1,0,-1,0,0,0,0,1,6.7
2009,No,18,28,8,49,17,6,5,131,21,4,20,12,7,3.6,8,4.2,8,5.9,13,11.1,4,7,0,0,0,0,28,5.7,0,0,10,6.7,41,26,4.9,5,2.5,10,5.2,4,3,3,2.6,4,7,0,0,0,0,15,3.1,0,0,9,6
2009,No,4,4,3,20,3,2,7,10,2,16.7,2,22.2,1,33.3,1,14.3,2,33.3,0,0,0,0,3,50,0,0,0,0,0,0,1,16.7,4,0,0,0,0,0,0,0,0,0,0,0,0,0,0,0,0,0,0,0,0,0,0
2009,No,12,21,3,35,17,8,17,19,46,8.1,20,25.6,7,7.2,13,7,24,12.4,17,14,6,13.6,6,16.7,1,14.3,9,13.4,27,10.9,24,8.8,66,46,8.1,6,6.2,18,9.6,15,7.7,7,5.8,1,2.3,5,13.9,1,14.3,3,4.5,15,6,20,7.4
2009,No,12,20,5,40,32,5,0,57,11,4.9,13,21.7,6,9.2,4,4.8,7,8.1,4,11.4,3,17.6,0,-1,0,0,12,8.5,3,8.1,8,8.7,24,13,5.8,2,3.1,4,4.8,4,4.7,2,5.7,0,0,0,-1,0,0,4,2.8,1,2.7,7,7.6
2009,No,18,32,4,56,21,14,10,34,226,4.7,143,21.6,24,3,69,4.1,110,7.3,108,10.5,57,13.2,1,5.9,11,4.6,107,10.3,101,4.8,133,7.3,369,355,7.4,59,7.3,119,7.1,99,6.6,63,6.1,15,3.5,1,5.9,15,6.3,55,5.3,124,5.8,142,7.8
2009,No,9,16,2,38,16,6,6,9,10,3,4,8,1,1.6,2,1.6,5,5.5,1,1.5,4,12.5,0,0,0,0,2,3.4,5,4.3,7,3.7,14,36,10.9,5,8.1,15,11.6,11,12.1,4,6.1,0,0,0,0,0,0,2,3.4,10,8.7,23,12.1
2009,No,12,19,6,56,28,5,0,26,39,14.6,19,21.1,3,5,7,10.6,25,22.1,19,22.9,5,14.3,0,-1,0,0,30,20.1,17,18.3,9,8.8,58,6,2.2,2,3.3,0,0,2,1.8,1,1.2,1,2.9,0,-1,1,16.7,1,0.7,3,3.2,2,2
2009,Yes,21,32,10,64,32,8,0,57,11,9.6,11,28.2,0,0,2,6.5,1,2.9,13,34.2,5,38.5,0,-1,0,-1,14,14.7,2,14.3,6,15,22,6,5.3,0,0,2,6.5,1,2.9,2,5.3,0,0,0,-1,0,-1,4,4.2,1,7.1,1,2.5
2009,No,172,258,96,255,144,56,144,586,58,9.4,48,18,5,4.2,13,6.3,34,14.2,34,16.2,21,19.3,0,0,0,0,98,14.3,5,8.3,1,1,106,24,3.9,8,6.7,4,1.9,5,2.1,7,3.3,0,0,0,0,0,0,18,2.6,3,5,2,2
2009,No,33,50,17,114,36,14,4,67,190,5,131,9.6,18,2.1,57,4.9,79,5.9,113,9.6,55,9.2,0,0,1,3.7,158,6.2,62,5.4,92,6.9,321,121,3.2,31,3.6,26,2.2,27,2,28,2.4,9,1.5,0,0,1,3.7,35,1.4,26,2.3,57,4.3
2009,No,37,58,18,91,35,11,5,179,106,4.7,86,11.9,15,2.3,36,4.5,58,7.8,52,9.5,31,13.9,0,0,1,16.7,140,6.6,12,6.2,32,6.3,192,89,4,15,2.3,29,3.6,26,3.5,15,2.7,4,1.8,0,0,0,0,45,2.1,5,2.6,27,5.3
2009,No,9,14,4,43,9,14,0,5,3,3.9,5,26.3,1,7.1,2,8.3,3,13,2,8.3,0,0,0,-1,1,5.3,0,0,0,0,2,5.1,8,3,3.9,2,14.3,0,0,1,4.3,0,0,0,0,0,-1,0,0,2,16.7,0,0,1,2.6
2009,No,4,7,1,0,4,4,0,7,2,4.4,2,50,0,0,0,0,3,20,0,0,1,33.3,0,-1,0,-1,0,-1,2,40,2,4.7,4,6,13.3,1,14.3,3,20,1,6.7,0,0,0,0,0,-1,0,-1,0,-1,0,0,6,14
2009,No,17,27,7,61,23,6,26,123,84,6,78,20.1,14,3.3,27,5.6,42,9.6,52,16.1,27,21.6,1,20,0,0,104,11.4,28,8.6,21,5,162,72,5.1,18,4.2,22,4.6,15,3.4,14,4.3,4,3.2,0,0,2,10.5,22,2.4,16,4.9,24,5.7
2009,No,9,14,4,40,19,5,0,44,14,3.9,14,13.6,4,3.6,5,3.8,12,10.4,3,4.3,4,10.5,0,-1,0,0,10,5.5,3,6.7,13,6,28,16,4.4,3,2.7,4,3.1,5,4.3,2,2.9,2,5.3,0,-1,0,0,3,1.6,0,0,12,5.6
2009,No,5,8,2,26,9,4,13,45,11,11,2,10,1,4.5,3,8.3,4,11.4,2,14.3,3,23.1,1,100,1,20,3,20,0,0,7,8.4,13,5,5,0,0,4,11.1,1,2.9,0,0,0,0,0,0,0,0,0,0,0,0,4,4.8
2009,No,7,10,3,34,16,3,0,41,5,4.5,4,10,0,0,3,6.4,2,5.7,3,11.5,1,7.1,0,-1,0,0,2,4.5,2,6.7,5,8.1,9,10,8.9,0,0,3,6.4,5,14.3,2,7.7,0,0,0,-1,0,0,2,4.5,2,6.7,6,9.7
2009,No,10,16,4,40,28,6,0,44,15,5.4,14,21.5,3,4.8,7,7,11,12.8,8,10.8,2,9.1,0,-1,0,0,14,13.2,1,4.5,14,6.9,29,14,5,4,6.3,7,7,3,3.5,0,0,0,0,0,-1,0,0,3,2.8,1,4.5,10,4.9
2009,No,32,45,21,79,53,9,23,55,73,9.2,72,18.3,15,5.4,32,8.9,31,12.8,49,21.9,18,20.9,0,0,0,0,114,12.8,9,13.6,20,9.6,145,40,5,7,2.5,12,3.3,11,4.5,7,3.1,3,3.5,0,0,0,0,23,2.6,3,4.5,14,6.7
2009,No,5,8,2,103,30,3,16,47,4,9.5,3,23.1,0,0,3,25,2,12.5,0,0,1,11.1,0,0,0,-1,0,0,2,50,4,11.1,7,4,9.5,2,20,0,0,1,6.3,0,0,0,0,0,0,0,-1,0,0,0,0,3,8.3
2009,No,37,51,24,97,41,8,8,195,125,10.8,93,15.6,10,3.1,28,7,57,12.7,95,22.8,27,16,0,0,0,0,162,12.4,10,8.1,37,17.2,218,38,3.3,8,2.5,10,2.5,10,2.2,9,2.2,3,1.8,0,0,0,0,25,1.9,3,2.4,6,2.8
2009,Yes,13,20,6,70,43,6,0,23,67,12.5,35,21.2,4,4.9,16,9.7,30,15.2,36,20.1,16,21.3,0,-1,2,13.3,34,15.4,36,19.1,29,11.1,102,27,5.1,5,6.1,11,6.7,5,2.5,6,3.4,1,1.3,0,-1,0,0,4,1.8,10,5.3,13,5
2009,No,10,16,4,46,13,3,0,30,24,3.7,28,17.5,5,2.2,7,3.4,18,10.1,14,10.3,9,15.3,0,-1,0,0,36,7,1,2.6,11,5,52,25,3.9,7,3.1,6,2.9,5,2.8,5,3.7,2,3.4,0,-1,0,0,13,2.5,0,0,9,4.1
2009,No,9,14,4,72,28,5,16,26,8,2.6,7,9.2,1,1.1,6,5.2,4,4.7,2,3.1,2,9.1,2,28.6,0,0,5,3.9,2,4.8,6,3.2,15,18,5.9,1,1.1,6,5.2,7,8.2,4,6.3,0,0,0,0,0,0,3,2.4,3,7.1,11,5.9
2009,No,21,31,12,45,36,5,0,137,15,4.3,16,11,5,3.6,5,3.9,8,7.9,9,10.2,5,12.5,0,-1,0,-1,22,5.7,3,15.8,4,5.5,31,13,3.7,2,1.4,3,2.3,3,3,3,3.4,1,2.5,0,-1,0,-1,8,2.1,1,5.3,4,5.5
2009,No,11,18,4,51,20,5,0,34,9,2.1,13,14.4,3,2.1,5,3.4,5,4.1,7,8.8,2,7.4,0,-1,0,0,13,4.7,2,7.1,6,3,22,23,5.3,5,3.5,9,6.1,5,4.1,2,2.5,1,3.7,0,-1,0,0,9,3.3,3,10.7,10,5.1
2009,No,4,7,1,0,14,4,4,9,2,6.7,0,0,0,0,0,0,2,50,0,0,0,0,0,0,0,-1,0,-1,0,0,2,7.7,2,3,10,0,0,1,7.1,0,0,2,40,0,0,0,0,0,-1,0,-1,1,33.3,2,7.7
2009,No,7,10,5,54,22,4,0,25,6,8.5,4,10.8,1,4.2,4,12.5,1,3.3,3,15.8,1,33.3,0,-1,0,0,2,6.3,4,18.2,5,10.4,10,3,4.2,0,0,2,6.3,0,0,1,5.3,0,0,0,-1,0,0,0,0,1,4.5,2,4.2
2009,No,17,28,6,63,22,10,23,25,16,5.2,9,15,2,3.1,7,5.5,5,6,8,11.4,2,8.7,0,0,1,5.3,7,7,3,2.8,12,9.4,25,21,6.8,3,4.7,6,4.7,6,7.1,3,4.3,3,13,1,20,1,5.3,1,1,6,5.6,12,9.4
2009,No,4,6,2,36,15,3,0,23,-2,-2,-2,-2,-2,-2,-2,-2,-2,-2,-2,-2,-2,-2,-2,-2,-2,-2,-2,-2,-2,-2,-2,-2,0,-2,-2,-2,-2,-2,-2,-2,-2,-2,-2,-2,-2,-2,-2,-2,-2,-2,-2,-2,-2,-2,-2
2009,No,20,30,11,68,40,5,0,183,159,15.3,110,27.1,17,7.6,45,12.9,73,19.6,87,26.1,48,28.7,0,-1,2,9.5,144,22.5,75,17,29,12.7,269,38,3.7,6,2.7,11,3.2,9,2.4,10,3,2,1.2,0,-1,0,0,12,1.9,10,2.3,7,3.1
2009,Yes,10,17,4,32,12,6,15,28,10,7.5,9,31,2,9.1,6,13,4,8.7,4,13.3,4,22.2,2,9.5,0,-1,0,0,9,11.1,8,18.2,19,17,12.8,3,13.6,6,13,5,10.9,0,0,2,11.1,1,4.8,0,-1,0,0,11,13.6,4,9.1
2009,Yes,27,41,13,73,62,7,2,175,317,9.7,208,18.5,33,4.3,83,7.2,151,13,159,18.5,99,23.2,1,100,3,3.3,258,14.9,189,11.9,43,6.1,525,133,4.1,27,3.5,44,3.8,34,2.9,19,2.2,10,2.3,0,0,1,1.1,33,1.9,61,3.9,31,4.4
2009,No,21,32,11,64,28,7,8,103,58,4.8,46,11.1,5,1.5,15,4.2,30,7.6,40,10.3,15,10.3,0,0,0,0,75,7.2,6,4.5,18,4.9,104,33,2.8,9,2.8,8,2.2,7,1.8,6,1.6,2,1.4,0,0,0,0,15,1.4,3,2.3,13,3.6
2009,No,2,4,0,39,19,1,4,43,1,8.3,0,0,0,0,0,0,1,16.7,0,0,0,-1,1,100,0,-1,0,0,0,0,0,0,1,2,16.7,0,0,0,0,0,0,2,50,0,-1,0,0,0,-1,0,0,1,50,1,16.7
2009,No,11,18,5,46,26,5,0,59,29,3.5,29,13,6,2.2,12,4.3,13,5.2,17,9.9,10,12.5,0,-1,0,0,36,7.2,2,3.4,20,4.6,58,30,3.6,12,4.5,8,2.8,4,1.6,3,1.8,3,3.8,0,-1,0,0,9,1.8,4,6.8,17,3.9
2009,No,10,17,3,40,20,6,6,13,17,6.9,11,20.8,4,5.6,10,11.6,7,8.2,5,12.2,2,11.8,4,30.8,0,0,3,3.3,3,7.1,15,10.8,28,23,9.3,4,5.6,10,11.6,7,8.2,2,4.9,0,0,1,7.7,0,0,4,4.4,2,4.8,15,10.8
2009,No,8,14,2,27,16,7,8,12,14,6.2,10,38.5,3,10.3,5,5.9,7,10.4,8,16.3,2,9.5,0,0,1,12.5,2,14.3,4,8.3,17,9.9,24,36,16,5,17.2,11,12.9,10,14.9,8,16.3,2,9.5,0,0,0,0,2,14.3,3,6.3,27,15.8
2009,No,16,24,8,75,77,5,13,112,161,13,81,18.4,25,7.3,39,10,68,15.5,74,20.9,36,23.4,0,0,0,0,107,13.6,74,20.8,53,12.2,242,65,5.2,16,4.7,25,6.4,12,2.7,6,1.7,5,3.2,0,0,0,0,21,2.7,12,3.4,24,5.5
2009,No,14,22,6,54,54,6,0,22,12,12.6,6,22.2,2,8.3,1,4.5,6,16.7,7,25,3,25,0,-1,0,0,5,21.7,9,17.6,4,9.5,18,3,3.2,2,8.3,0,0,0,0,0,0,0,0,0,-1,0,0,0,0,1,2,1,2.4
2009,No,20,32,9,51,29,7,0,61,29,4.9,17,9.7,3,1.6,9,4.7,9,5.2,16,10.7,9,12.3,0,-1,0,0,34,6.4,1,2.5,11,6.1,46,25,4.2,7,3.8,9,4.7,7,4.1,3,2,0,0,0,-1,0,0,13,2.5,3,7.5,8,4.5
2009,No,3,5,2,79,0,2,8,0,0,0,1,16.7,0,-1,0,0,0,0,1,12.5,0,0,1,25,0,-1,0,0,0,-1,0,0,1,3,18.8,0,-1,0,0,1,14.3,2,25,0,0,0,0,0,-1,0,0,0,-1,3,23.1
2009,No,18,27,9,70,27,7,7,72,30,4.3,24,9.8,6,2.9,8,3.3,11,4.8,19,11.7,11,11.6,0,0,0,0,34,5.9,2,4.3,13,4.7,54,16,2.3,4,2,5,2.1,3,1.3,2,1.2,2,2.1,0,0,0,0,6,1,1,2.2,9,3.3
2009,No,22,35,10,76,22,10,0,113,180,5.3,166,17.3,36,3.7,85,6.5,96,9,85,12.5,43,13.8,0,-1,2,5,132,7.7,112,7.6,84,9.1,346,146,4.3,29,3,48,3.7,38,3.6,26,3.8,5,1.6,0,-1,3,7.5,35,2,50,3.4,52,5.6
2009,No,6,10,1,51,13,4,0,21,4,3.7,2,14.3,0,0,3,7.1,1,2.9,1,5,1,11.1,0,-1,0,0,0,0,2,6.5,4,5.7,6,26,24.1,3,17.6,12,28.6,8,23.5,2,10,1,11.1,0,-1,0,0,0,0,6,19.4,16,22.9
2009,No,3,5,2,25,0,3,0,0,2,15.4,2,40,1,14.3,0,-1,0,0,1,50,1,33.3,0,-1,0,-1,0,0,0,-1,3,17.6,4,1,7.7,1,14.3,0,-1,0,0,0,0,0,0,0,-1,0,-1,0,0,0,-1,1,5.9
2009,No,15,25,7,48,23,6,5,52,37,4.7,23,10.3,2,0.8,6,2.5,13,5.5,27,13.4,11,11.7,0,0,0,0,42,6.9,2,2.1,12,4.9,60,26,3.3,4,1.7,6,2.5,9,3.8,5,2.5,2,2.1,0,0,0,0,12,2,1,1.1,11,4.5
2009,No,10,16,3,43,18,7,8,18,20,4.4,17,21.3,5,6,7,4.5,10,7.1,9,8.3,6,13.3,2,33.3,0,0,7,8.8,5,6,23,7.3,37,50,11.1,8,9.6,16,10.4,16,11.4,9,8.3,1,2.2,0,0,1,4.2,1,1.3,5,6,37,11.8
2009,No,5,8,2,42,12,4,0,27,8,12.7,2,10.5,1,9.1,3,13,2,8.3,1,6.3,3,37.5,0,-1,0,-1,4,18.2,1,50,5,9.1,10,2,3.2,0,0,1,4.3,0,0,0,0,1,12.5,0,-1,0,-1,0,0,0,0,2,3.6
2009,No,6,9,3,41,18,3,0,33,10,4.7,14,21.9,2,3.1,5,6.7,8,10.7,8,18.2,2,10.5,0,-1,0,0,9,8.7,2,5.3,12,10.4,24,10,4.7,1,1.5,2,2.7,3,4,3,6.8,0,0,0,-1,1,12.5,1,1,1,2.6,4,3.5
2009,No,5,8,1,0,10,4,11,0,3,17.6,0,0,0,0,2,33.3,0,0,1,33.3,0,0,1,100,0,-1,0,-1,1,33.3,1,6.3,3,2,11.8,0,0,1,16.7,0,0,1,33.3,0,0,0,0,0,-1,0,-1,0,0,2,12.5
2010,No,17,26,9,47,16,5,0,102,14,2.8,26,14.2,6,3.2,7,3.9,12,8.1,9,8.7,6,9.1,0,-1,0,-1,26,5.5,3,14.3,10,6.8,40,18,3.6,3,1.6,4,2.2,4,2.7,5,4.9,2,3,0,-1,0,-1,14,2.9,0,0,3,2
2010,No,6,8,4,22,17,4,13,4,1,4,2,20,0,0,0,0,1,10,2,20,0,0,1,10,0,0,0,0,0,0,2,14.3,3,0,0,0,0,0,0,0,0,0,0,0,0,0,0,0,0,0,0,0,0,0,0
2010,No,12,21,3,29,15,9,18,16,33,6,17,23,4,4.1,11,5.7,10,6.3,19,16.1,5,9.1,3,8.3,0,0,8,14.3,20,9.5,17,5.7,50,47,8.6,8,8.2,16,8.3,18,11.4,4,3.4,1,1.8,5,13.9,0,0,1,1.8,16,7.6,24,8.1
2010,No,10,17,3,30,18,5,0,50,12,6.1,6,16.2,1,2,7,9.9,3,5.6,4,10,3,15,0,-1,0,-1,6,5.7,1,4.3,10,10.9,18,14,7.1,2,4.1,6,8.5,3,5.6,2,5,2,10,0,-1,0,-1,6,5.7,1,4.3,6,6.5
2010,No,17,31,4,56,20,13,10,34,246,5.3,126,20.3,32,3.4,75,4.7,97,7.3,110,11.1,57,13,2,14.3,8,3.2,99,9.7,107,5.1,135,8.1,372,286,6.1,46,4.9,105,6.6,62,4.6,52,5.3,21,4.8,1,7.1,11,4.4,40,3.9,87,4.1,126,7.5
2010,No,10,18,3,52,13,8,11,13,11,3,4,6.8,0,0,5,3.6,4,4.3,4,4.8,1,2.6,1,33.3,1,11.1,2,2.5,4,4.1,6,2.7,15,44,12.1,12,16.9,16,11.7,8,8.6,8,9.6,1,2.6,0,0,0,0,3,3.8,12,12.4,29,12.8
2010,No,13,19,7,52,29,6,0,28,37,13.1,28,24.6,1,1.9,15,16.3,14,12.7,23,25.6,12,23.5,0,-1,0,0,26,17.9,26,24.8,14,10.5,65,5,1.8,0,0,1,1.1,3,2.7,1,1.1,0,0,0,-1,0,0,1,0.7,1,1,2,1.5
2010,Yes,17,27,8,51,21,7,0,30,6,6.1,2,6.5,0,0,1,3.2,2,6.7,3,9.7,2,15.4,0,-1,0,0,6,7.7,1,9.1,1,2.7,8,3,3,1,4,2,6.5,0,0,0,0,0,0,0,-1,0,0,1,1.3,1,9.1,1,2.7
2010,No,154,235,84,244,128,51,82,298,40,6.9,36,15.3,5,3.3,12,5.6,17,9.3,29,16.2,14,15.6,0,0,0,0,67,10.7,5,8.5,2,2,76,29,5,10,6.5,8,3.7,8,4.4,3,1.7,1,1.1,0,0,0,0,17,2.7,3,5.1,7,7
2010,No,29,45,15,100,32,12,10,55,148,4.2,115,9.4,12,1.3,46,4.2,52,4.6,96,9.2,56,10.4,0,0,0,0,149,6.5,39,3.5,69,5.9,263,132,3.8,33,3.6,41,3.8,34,3,15,1.4,10,1.9,0,0,1,3.8,37,1.6,39,3.5,53,4.5
2010,No,34,53,16,81,31,10,0,122,81,4,73,11.1,13,2.1,27,3.7,36,6,46,9.6,32,13.7,0,-1,2,11.8,116,6.1,7,3.7,25,5.5,154,68,3.4,11,1.7,23,3.2,17,2.8,11,2.3,6,2.6,0,-1,0,0,29,1.5,12,6.4,21,4.6
2010,No,9,16,3,35,6,14,0,6,6,6.7,4,26.7,0,0,4,14.8,4,18.2,3,10,0,0,0,-1,3,10.7,0,0,0,0,3,7.9,10,2,2.2,1,6.7,1,3.7,0,0,0,0,0,0,0,-1,0,0,1,16.7,0,0,0,0
2010,No,4,5,2,45,3,3,14,12,3,8.8,2,18.2,1,16.7,0,0,2,12.5,2,16.7,0,0,0,0,0,-1,0,0,0,0,4,11.4,5,7,20.6,0,0,3,30,3,18.8,0,0,0,0,0,0,0,-1,0,0,0,0,6,17.1
2010,No,16,27,6,58,20,6,19,93,90,6.6,53,17,13,3.3,30,6,35,8.9,36,13.8,29,21.8,0,0,0,0,84,9.7,25,8.3,31,7.8,143,59,4.3,14,3.5,17,3.4,17,4.3,6,2.3,5,3.8,0,0,0,0,21,2.4,16,5.3,19,4.8
2010,No,9,15,4,47,16,5,0,35,13,3.3,14,14.3,2,1.7,3,2.2,9,7.4,10,13,2,6.7,0,-1,0,0,11,5.1,3,7,12,5.9,27,21,5.4,6,5,9,6.5,4,3.3,2,2.6,1,3.3,0,-1,0,0,6,2.8,2,4.7,12,5.9
2010,No,5,8,2,32,11,3,0,33,5,5.3,1,5.3,0,0,1,3.3,3,10.7,2,7.4,0,0,0,-1,0,0,1,4.8,0,0,5,7.1,6,12,12.8,3,14.3,2,6.7,4,14.3,2,7.4,0,0,0,-1,0,0,1,4.8,1,9.1,8,11.4
2010,No,6,10,2,31,9,3,0,33,2,1.7,1,5,0,0,2,4.2,1,3,0,0,0,0,0,-1,0,-1,0,0,0,0,3,4.7,3,10,8.6,3,11.5,2,4.2,3,9.1,2,8,0,0,0,-1,0,-1,1,2.4,2,10.5,4,6.3
2010,No,9,15,4,52,27,5,0,55,17,6.5,9,12.2,1,1.2,4,4.4,5,6.7,11,19.3,6,20.7,0,-1,0,0,13,9.4,1,4,8,5.3,26,9,3.4,2,2.4,2,2.2,2,2.7,3,5.3,0,0,0,-1,0,0,2,1.4,1,4,6,4
2010,No,30,44,17,71,25,10,13,55,63,8,51,15.8,11,3.8,25,7.9,24,10.9,35,17.3,18,22.8,1,33.3,0,0,85,10.4,5,13.2,21,9.3,114,40,5.1,8,2.7,12,3.8,11,5,7,3.5,1,1.3,0,0,0,0,23,2.8,1,2.6,15,6.7
2010,No,5,9,1,137,0,4,0,8,3,6.1,1,14.3,0,0,1,9.1,3,13.6,0,0,1,14.3,0,-1,0,0,2,13.3,0,-1,3,7.7,4,2,4.1,1,16.7,1,9.1,0,0,0,0,0,0,0,-1,0,0,1,6.7,0,-1,1,2.6
2010,No,38,53,23,96,37,8,17,151,106,8.7,81,13.9,7,2.1,22,5,37,8.7,87,20.3,34,18.6,0,0,1,6.3,145,11,5,3.7,26,11.5,187,42,3.4,13,3.9,7,1.6,10,2.4,9,2.1,3,1.6,0,0,0,0,23,1.7,7,5.2,6,2.7
2010,Yes,13,19,7,63,38,6,10,13,66,13,45,21.6,8,10.1,17,10.6,32,15.3,32,17.5,21,25.6,0,0,1,4.5,35,16.1,39,21.2,35,12.5,111,27,5.3,5,6.3,8,5,7,3.3,6,3.3,0,0,0,0,2,9.1,4,1.8,5,2.7,16,5.7
2010,No,9,15,4,41,15,4,2,24,24,3.9,34,22.7,5,2.5,13,5.9,10,6.5,20,14.5,11,19.6,0,0,1,25,40,8.8,3,6.7,9,3.9,58,15,2.4,5,2.5,5,2.3,2,1.3,3,2.2,1,1.8,0,0,0,0,7,1.5,0,0,6,2.6
2010,No,8,12,3,55,19,4,23,33,9,3.4,8,10.8,0,0,4,4.3,4,5.3,7,9.6,1,6.7,1,10,0,0,6,5.5,0,0,7,4.4,17,18,6.8,5,6.3,4,4.3,5,6.6,5,6.8,0,0,1,10,0,0,1,0.9,1,3,12,7.5
2010,No,19,30,9,42,16,4,0,160,16,4.7,15,13.2,2,1.6,5,4.1,12,12,11,14.5,2,6.1,0,-1,0,-1,25,6.9,1,10,5,7.9,31,18,5.2,5,4,9,7.3,2,2,1,1.3,1,3,0,-1,0,-1,10,2.8,1,10,4,6.3
2010,No,12,19,4,51,21,6,0,21,17,3.6,14,13.1,4,2.4,8,4.7,7,6.1,10,10.6,2,6.7,0,-1,0,0,19,6.7,0,0,12,5.1,31,21,4.5,4,2.4,8,4.7,6,5.2,1,1.1,1,3.3,0,-1,0,0,4,1.4,0,0,17,7.2
2010,No,2,4,1,0,5,2,2,7,0,0,1,33.3,1,20,0,0,0,0,0,0,0,-1,0,0,0,-1,0,-1,0,0,1,5.9,1,1,5.9,0,0,1,20,0,0,0,0,0,-1,0,0,0,-1,0,-1,0,0,1,5.9
2010,No,8,12,3,51,10,5,9,47,7,7.8,2,8,1,3.4,2,5.9,4,14.3,2,10.5,0,0,0,0,0,0,4,12.5,0,0,3,4.9,9,6,6.7,1,3.4,3,8.8,1,3.6,1,5.3,0,0,0,0,0,0,1,3.1,0,0,4,6.6
2010,No,17,28,6,60,20,11,5,21,15,4.8,6,9.7,4,4.9,3,2.7,7,7.3,5,9.3,2,5.7,0,0,0,0,8,7.8,2,1.9,12,8.9,21,24,7.6,4,4.9,7,6.3,9,9.4,2,3.7,3,8.6,0,0,2,9.1,5,4.9,5,4.8,10,7.4
2010,No,5,8,1,18,11,4,0,19,-2,-2,-2,-2,-2,-2,-2,-2,-2,-2,-2,-2,-2,-2,-2,-2,-2,-2,-2,-2,-2,-2,-2,-2,0,-2,-2,-2,-2,-2,-2,-2,-2,-2,-2,-2,-2,-2,-2,-2,-2,-2,-2,-2,-2,-2,-2
2010,No,19,28,10,62,38,5,0,135,130,13,85,23,14,6,35,10.2,62,18.1,56,20.1,49,28,0,-1,3,18.8,106,18.4,65,13.9,26,12.1,215,38,3.8,8,3.4,11,3.2,6,1.8,9,3.2,3,1.7,0,-1,0,0,16,2.8,13,2.8,6,2.8
2010,Yes,9,15,2,30,11,4,17,16,6,4.7,4,19,2,7.4,0,0,3,10.3,2,8.7,2,14.3,1,4.2,0,0,2,22.2,5,6.3,2,6.3,10,12,9.4,2,7.4,4,7.3,3,10.3,1,4.3,2,14.3,3,12.5,0,0,1,11.1,3,3.8,4,12.5
2010,Yes,25,39,12,68,54,7,2,111,272,8.9,167,17,29,3.8,68,6.3,101,10.8,144,17.8,98,22.5,0,0,2,3.5,220,13.8,150,10.2,46,6.6,439,120,3.9,24,3.1,43,4,25,2.7,20,2.5,9,2.1,0,0,0,0,32,2,47,3.2,28,4
2010,No,18,29,9,57,22,6,3,52,52,4.7,40,11.3,5,1.5,15,4.2,26,8.6,30,10.1,16,10.1,0,0,0,0,62,6.6,8,6.4,18,5.4,92,33,3,5,1.5,11,3.1,7,2.3,7,2.4,3,1.9,0,0,0,0,18,1.9,3,2.4,11,3.3
2010,No,2,3,1,67,32,1,0,0,1,11.1,0,0,0,0,0,0,0,0,1,100,0,0,0,-1,0,0,1,25,0,0,0,0,1,0,0,0,0,0,0,0,0,0,0,0,0,0,-1,0,0,0,0,0,0,0,0
2010,No,10,18,4,41,22,5,5,45,18,2.2,24,14,4,1.5,8,3,10,4.5,13,7.7,6,10.7,0,0,0,0,20,4.4,4,7.3,17,4.1,42,31,3.8,7,2.6,11,4.1,7,3.2,5,3,1,1.8,0,0,0,0,8,1.8,3,5.5,20,4.8
2010,No,9,16,3,41,14,6,8,15,8,3.4,12,24.5,1,1.5,8,8.9,6,9.5,3,6.4,1,5.3,2,10.5,0,0,5,5.6,3,9.7,11,8.7,20,27,11.4,5,7.5,9,10,5,7.9,7,14.9,0,0,3,15.8,0,0,5,5.6,1,3.2,17,13.5
2010,No,8,14,2,29,15,6,8,15,9,4.2,6,21.4,0,0,4,6.5,5,9.1,4,9.1,3,9.7,2,66.7,0,0,0,0,2,4.3,9,5.7,15,23,10.7,4,8,6,9.7,6,10.9,3,6.8,3,9.7,0,0,0,0,0,0,3,6.4,16,10.1
2010,No,14,22,7,67,48,5,14,57,113,9.9,59,16.4,12,3.7,26,6.9,48,13.6,67,21,19,14.3,0,0,0,0,78,10.7,48,18.9,42,9.3,172,53,4.6,14,4.4,20,5.3,9,2.5,8,2.5,2,1.5,0,0,0,0,17,2.3,8,3.1,26,5.8
2010,No,13,21,6,61,32,7,0,25,9,9.9,7,26.9,1,6.3,1,4.5,5,12.8,6,22.2,4,30.8,0,-1,0,0,3,10.7,7,22.6,6,11.3,16,4,4.4,1,6.3,0,0,3,7.7,0,0,0,0,0,-1,0,0,1,3.6,0,0,3,5.7
2010,No,20,31,10,55,22,6,0,31,24,4.2,21,10.8,4,1.8,8,4.5,9,5.5,14,10.3,10,14.9,0,-1,0,0,33,5.7,3,7.9,8,5.6,45,21,3.6,8,3.5,3,1.7,6,3.7,4,2.9,0,0,0,-1,0,0,12,2.1,3,7.9,4,2.8
2010,No,5,6,4,162,13,2,10,0,1,5,2,16.7,0,0,2,18.2,0,0,0,0,1,100,1,20,0,-1,1,8.3,0,0,1,7.7,3,1,5,0,0,0,0,1,9.1,0,0,0,0,0,0,0,-1,0,0,0,0,1,7.7
2010,No,16,26,7,62,32,6,7,45,20,3,16,8.1,4,2,6,2.7,10,4.9,10,6.6,7,9.2,0,0,0,0,20,3.8,1,1.5,14,6,36,14,2.1,2,1,3,1.4,6,3,2,1.3,1,1.3,0,0,0,0,9,1.7,1,1.5,4,1.7
2010,No,22,35,10,75,22,9,2,106,170,4.9,158,16.1,34,3.2,86,6.5,87,8.3,90,12.2,32,10.5,0,0,3,5.9,135,7.8,93,6,82,9,328,174,5,34,3.2,55,4.2,41,3.9,36,4.9,8,2.6,0,0,0,0,39,2.2,56,3.6,63,6.9
2010,No,4,7,1,31,10,3,0,8,1,1.4,2,15.4,1,6.3,0,0,1,3.2,1,8.3,0,0,0,-1,0,0,0,0,1,4.2,2,4,3,17,24.3,3,18.8,6,30,6,19.4,2,16.7,0,0,0,-1,0,0,0,0,3,12.5,13,26
2010,No,4,7,1,22,28,3,0,31,0,0,0,0,0,0,0,0,1,25,0,0,0,0,0,-1,0,-1,0,0,0,0,1,6.3,0,1,5.6,0,0,0,0,0,0,1,14.3,0,0,0,-1,0,-1,0,0,0,0,1,6.3
2010,No,15,23,7,48,21,6,11,38,22,2.9,28,11.4,5,2,11,4,12,5,14,8.3,8,9.9,1,50,0,0,34,5.6,4,4,7,2.8,50,24,3.1,6,2.5,3,1.1,9,3.8,4,2.4,1,1.2,0,0,0,0,9,1.5,3,3,9,3.6
2010,Yes,10,17,2,37,20,7,10,14,25,5.3,14,20.6,4,5.4,4,2.5,12,7.8,13,12.4,6,13.3,2,28.6,3,11.5,2,2.9,8,7.6,23,7.4,39,32,6.8,10,13.5,11,6.7,5,3.3,4,3.8,2,4.4,0,0,1,3.8,2,2.9,7,6.7,21,6.8
2010,No,5,9,1,25,24,4,0,21,5,7.5,1,10,0,0,1,4.2,4,23.5,1,4.8,0,0,0,-1,0,-1,1,7.7,0,0,6,10.5,6,6,9,1,8.3,2,8.3,1,5.9,1,4.8,0,0,0,-1,0,-1,1,7.7,0,0,3,5.3
2010,No,5,9,2,41,13,2,3,21,8,3.9,6,13.6,1,1.4,6,9.5,3,5.2,2,4.9,3,15,0,0,0,0,5,4.5,3,9.7,7,7.4,14,10,4.8,2,2.9,3,4.8,3,5.2,0,0,0,0,0,0,0,0,3,2.7,1,3.2,6,6.3
2010,No,4,7,1,0,25,2,0,19,2,12.5,1,33.3,0,0,1,11.1,0,0,0,0,1,50,0,-1,0,-1,0,-1,1,11.1,1,11.1,3,1,6.3,0,0,1,11.1,0,0,0,0,0,0,0,-1,0,-1,0,-1,1,11.1,0,0
2011,No,17,27,8,47,17,6,0,67,12,2.3,15,9.3,3,1.5,6,2.9,8,6.6,6,5.4,5,10.2,0,-1,0,0,20,4.2,0,0,4,2.5,27,25,4.8,6,3,9,4.4,3,2.5,4,3.6,3,6.1,0,-1,0,0,11,2.3,1,4.3,11,7
2011,No,4,6,3,27,13,2,9,0,3,17.6,1,14.3,0,0,1,16.7,2,40,0,0,1,50,2,28.6,0,-1,0,0,1,25,1,14.3,4,0,0,0,0,0,0,0,0,0,0,0,0,0,0,0,-1,0,0,0,0,0,0
2011,No,11,19,3,38,14,7,18,10,37,7.6,22,28.9,2,2.2,25,13.4,18,12.4,10,10.6,3,6.4,7,18.9,0,0,6,7.9,16,7.9,27,11.9,59,39,8,6,6.5,17,9.1,10,6.9,4,4.3,2,4.3,5,13.5,0,0,1,1.3,15,7.4,16,7.1
2011,No,10,16,4,37,11,5,0,34,6,3.1,5,10,1,1.4,3,4.2,3,6.4,4,12.5,2,9.1,0,-1,0,0,5,3.8,1,6.7,4,4.8,11,5,2.6,1,1.4,2,2.8,0,0,1,3.1,0,0,0,-1,0,0,2,1.5,0,0,3,3.6
2011,Yes,16,29,4,51,19,12,11,28,184,4.1,109,19.5,16,1.8,68,4.4,72,5.7,90,9.5,46,11.5,2,13.3,6,2.4,72,7.7,93,4.4,114,7.3,293,246,5.5,47,5.3,88,5.7,63,5,41,4.3,7,1.8,1,6.7,9,3.7,29,3.1,84,4,105,6.7
2011,No,9,15,2,30,14,6,15,9,8,2.5,11,23.4,1,1.6,5,4.2,3,3.4,6,8.3,4,13.8,0,0,0,0,4,8.3,6,5.4,9,4.6,19,42,13,7,11.1,20,16.9,9,10.3,2,2.8,3,10.3,0,0,1,16.7,2,4.2,14,12.6,24,12.4
2011,No,12,18,6,47,29,5,0,15,20,7.5,20,21.5,3,4.4,7,7.5,13,16.7,11,13.8,5,12.8,0,-1,1,25,13,9.8,14,12.7,12,11.3,40,8,3,3,4.4,1,1.1,2,2.6,0,0,1,2.6,0,-1,0,0,1,0.8,1,0.9,5,4.7
2011,Yes,15,24,7,43,22,6,0,48,4,4.6,4,15.4,1,4.5,0,0,3,14.3,1,5.6,3,15.8,0,-1,0,-1,3,4.5,0,0,4,13.3,8,3,3.4,0,0,1,3,0,0,0,0,2,10.5,0,-1,0,-1,1,1.5,0,0,2,6.7
2011,No,120,186,61,188,110,43,82,164,31,6.5,14,8,1,0.8,6,3.7,9,6,19,13.7,8,10,0,0,0,0,38,7.8,5,9.3,1,1.1,45,21,4.4,4,3.3,8,5,4,2.7,5,3.6,0,0,0,0,0,0,14,2.9,2,3.7,5,5.7
2011,No,29,44,14,92,30,13,7,40,99,2.8,93,8.1,10,1.2,43,3.7,39,3.8,61,6,39,6.7,0,0,1,2.3,89,4.1,31,2.9,67,5.3,192,101,2.9,21,2.5,39,3.4,16,1.5,16,1.6,9,1.6,0,0,1,2.3,24,1.1,33,3.1,41,3.2
2011,No,34,54,15,83,32,9,0,133,99,4.7,72,11.5,13,1.9,29,3.9,38,6.7,56,12,33,13.8,0,-1,0,0,126,6.4,13,6.6,25,6.1,171,57,2.7,13,1.9,18,2.4,15,2.7,7,1.5,4,1.7,0,-1,0,0,34,1.7,6,3,13,3.2
2011,No,7,12,2,43,6,11,0,6,6,8.5,1,8.3,0,0,2,8.7,1,4.5,1,4.5,3,27.3,0,-1,0,0,0,0,2,40,1,3.2,7,5,7,1,20,0,0,2,9.1,2,9.1,0,0,0,-1,2,12.5,0,0,1,20,1,3.2
2011,No,3,5,1,28,4,3,0,6,1,3.4,1,16.7,0,0,0,0,0,0,1,25,0,0,0,-1,0,-1,0,0,1,20,0,0,2,1,3.4,0,0,0,0,0,0,1,25,0,0,0,-1,0,-1,0,0,0,0,1,3.7
2011,No,15,26,6,54,21,5,19,110,65,4.9,54,16.9,9,2.3,22,4.9,30,8.5,35,11.6,24,17.3,1,33.3,1,3.4,70,8.6,20,6.3,23,6.3,119,66,5,18,4.5,23,5.1,13,3.7,9,3,3,2.2,0,0,0,0,24,3,15,4.7,22,6
2011,No,9,15,3,43,17,5,0,18,9,2.3,7,9.3,0,0,4,2.8,6,5.7,4,6.5,1,3.1,0,-1,0,0,8,4,2,4.2,6,2.9,16,21,5.4,5,4.1,7,4.9,4,3.8,3,4.8,2,6.3,0,-1,0,0,6,3,3,6.3,10,4.8
2011,No,5,8,2,31,15,3,0,27,1,1.1,2,10,1,3.7,1,3,0,0,1,4.8,0,0,0,-1,0,0,0,0,0,0,3,4.5,3,10,10.5,4,14.8,4,12.1,0,0,2,9.5,0,0,0,-1,0,0,0,0,1,6.3,9,13.4
2011,No,6,10,2,31,13,3,0,13,11,9.7,1,4.5,0,0,2,5.7,3,9.1,6,23.1,1,11.1,0,-1,0,0,4,9.8,5,18.5,3,5,12,6,5.3,1,3.1,2,5.7,0,0,2,7.7,0,0,0,-1,0,0,1,2.4,1,3.7,4,6.7
2011,No,9,15,2,38,25,5,0,38,9,3.4,10,22.2,1,1.4,4,4.9,7,11.5,5,7.2,3,12,0,-1,0,0,5,4.8,1,4.2,12,7.3,19,11,4.2,3,4.1,2,2.5,2,3.3,3,4.3,0,0,0,-1,0,0,2,1.9,1,4.2,8,4.9
2011,No,32,47,18,76,48,10,9,47,58,6.8,52,14.6,11,3.5,24,6.6,27,11.8,33,15.7,16,18.8,0,0,0,0,80,9,6,8,23,10.3,110,33,3.9,7,2.2,12,3.3,9,3.9,4,1.9,2,2.4,0,0,0,0,18,2,3,4,11,4.9
2011,No,4,7,2,138,16,3,0,0,3,7.7,3,30,0,0,2,18.2,1,11.1,3,14.3,0,0,0,-1,0,-1,2,12.5,1,50,3,9.7,6,1,2.6,0,0,0,0,0,0,1,4.8,0,0,0,-1,0,-1,0,0,0,0,1,3.2
2011,No,30,45,17,75,36,7,0,104,73,7,53,12.4,10,3.2,20,5.4,26,9.2,46,13.3,24,15.2,0,-1,0,0,93,8.9,7,5.2,18,9.1,126,28,2.7,7,2.2,9,2.5,7,2.5,5,1.4,1,0.6,0,-1,1,11.1,17,1.6,2,1.5,7,3.5
2011,Yes,13,19,7,68,35,6,0,31,62,12.2,41,20.9,5,5.3,20,11.8,29,14,33,20.2,16,21.9,0,-1,2,7.4,35,14.8,31,17.6,33,13.4,103,26,5.1,7,7.4,10,5.9,4,1.9,5,3.1,0,0,0,-1,0,0,3,1.3,3,1.7,19,7.7
2011,No,9,15,4,42,16,4,0,12,23,3.7,25,15.9,6,2.5,6,3,7,4.9,14,10.6,15,26.8,0,-1,1,8.3,30,6.4,2,4.1,14,6.2,48,18,2.9,1,0.4,5,2.5,5,3.5,7,5.3,0,0,0,-1,0,0,9,1.9,0,0,9,4
2011,No,7,10,3,53,14,4,7,26,2,0.9,6,7.8,0,0,3,3.3,1,1.3,4,7.4,1,5.6,0,0,0,0,4,3.6,0,0,2,1.5,8,10,4.5,1,1.8,3,3.3,4,5.1,1,1.9,0,0,0,0,0,0,2,1.8,0,0,8,5.8
2011,No,22,33,11,46,31,5,0,172,11,2.9,13,9.2,2,1.3,7,5,7,7.4,6,7.2,3,5.9,0,-1,0,0,18,4.5,1,5.3,3,3.8,24,9,2.3,3,1.9,3,2.1,1,1.1,3,3.6,0,0,0,-1,0,0,6,1.5,0,0,1,1.3
2011,No,11,19,3,47,24,5,0,12,15,3.3,11,14.5,3,2,3,2,4,4,11,12.4,5,13.2,0,-1,0,0,13,5,3,8.1,9,4.1,26,20,4.5,8,5.4,7,4.7,3,3,3,3.4,0,0,0,-1,0,0,8,3.1,0,0,10,4.6
2011,No,3,4,1,0,5,3,2,0,2,11.1,1,25,1,50,2,66.7,0,0,0,0,0,0,0,0,0,-1,0,-1,0,0,4,20,3,1,5.6,0,0,1,33.3,0,0,0,0,0,0,0,0,0,-1,0,-1,0,0,1,5
2011,No,5,9,1,19,10,4,18,45,1,1.4,1,10,0,0,1,3.1,0,0,0,0,0,0,1,50,0,0,0,0,0,0,0,0,2,4,5.8,2,16.7,1,3.1,1,6.7,0,0,0,0,0,0,0,0,1,8.3,1,8.3,2,4.4
2011,No,17,29,5,58,20,10,10,22,13,4,8,14.8,0,0,4,2.9,7,11.1,8,13.1,3,9.7,0,0,1,3.2,3,3,6,5.5,11,8.6,21,19,5.8,6,6.6,12,8.8,0,0,1,1.6,0,0,0,0,1,3.2,4,4,5,4.6,7,5.5
2011,No,4,6,1,35,11,3,0,9,-2,-2,-2,-2,-2,-2,-2,-2,-2,-2,-2,-2,-2,-2,-2,-2,-2,-2,-2,-2,-2,-2,-2,-2,0,-2,-2,-2,-2,-2,-2,-2,-2,-2,-2,-2,-2,-2,-2,-2,-2,-2,-2,-2,-2,-2,-2
2011,No,16,25,8,57,28,5,0,97,104,11.8,65,21.1,11,5.3,28,8.6,49,18.4,50,19.7,32,23.5,0,-1,2,18.2,87,16.4,49,14,20,8.9,169,29,3.3,3,1.4,12,3.7,7,2.6,6,2.4,2,1.5,0,-1,0,0,6,1.1,13,3.7,10,4.4
2011,Yes,8,14,2,23,10,4,15,20,10,8.5,7,35,1,4.3,6,13.3,6,16.2,3,15,1,8.3,3,14.3,0,0,2,28.6,9,12.3,3,9.7,17,11,9.4,2,8.7,4,8.9,4,10.8,1,5,0,0,2,9.5,0,0,0,0,6,8.2,1,3.2
2011,Yes,24,37,11,61,52,7,0,108,236,8,154,16.6,31,4,73,6.4,82,10,113,15.5,93,23,0,-1,3,4.1,182,12.6,139,9.6,46,6.6,390,111,3.8,31,4,31,2.7,20,2.4,17,2.3,12,3,0,-1,3,4.1,26,1.8,46,3.2,23,3.3
2011,No,18,29,8,56,19,6,13,81,54,4.8,45,13.3,5,1.4,16,4.7,22,7.4,31,9.9,25,15.9,0,0,0,0,69,7.3,8,7.3,19,6.1,99,30,2.7,5,1.4,6,1.8,7,2.3,5,1.6,7,4.5,0,0,0,0,17,1.8,2,1.8,9,2.9
2011,No,2,4,0,30,10,2,0,0,0,0,0,0,0,0,0,0,0,0,0,0,0,0,0,-1,0,-1,0,0,0,0,0,0,0,0,0,0,0,0,0,0,0,0,0,0,0,0,-1,0,-1,0,0,0,0,0,0
2011,No,11,18,5,45,24,5,0,38,25,3,31,14,7,2.5,12,4.2,18,8,11,6.2,8,11.9,0,-1,0,0,24,4.8,7,11.1,22,5.2,56,29,3.5,7,2.5,9,3.1,8,3.5,5,2.8,1,1.5,0,-1,0,0,7,1.4,3,4.8,18,4.2
2011,No,10,17,4,42,12,7,7,18,17,6.6,16,28.6,1,1.2,7,8.4,10,13.2,9,18.4,6,24,6,35.3,0,0,4,4.3,2,6.9,15,9.9,33,23,8.9,5,6.2,7,8.4,5,6.6,4,8.2,1,4,0,0,0,0,5,5.4,0,0,17,11.3
2011,No,7,13,2,20,11,7,3,3,11,5.1,9,33.3,0,0,5,7.9,6,9.5,5,10.6,3,10.3,1,100,0,0,1,9.1,1,2.7,16,8.7,20,27,12.6,2,5.1,9,14.3,9,14.3,5,10.6,1,3.4,0,0,1,20,1,9.1,4,10.8,20,10.9
2011,No,13,21,6,68,38,5,0,38,92,8.5,54,17,15,4.9,27,8.4,38,11,44,15.8,22,15.1,0,-1,1,7.7,63,8.5,35,16.7,45,11.4,146,41,3.8,7,2.3,12,3.7,11,3.2,6,2.2,4,2.7,0,-1,0,0,12,1.6,14,6.7,12,3
2011,No,11,20,3,34,22,8,0,65,2,2.3,2,14.3,0,0,0,0,0,0,2,7.1,1,10,0,-1,0,0,1,6.3,0,0,2,3.8,4,5,5.7,0,0,1,3.3,1,4.5,2,7.1,1,10,0,-1,0,0,2,12.5,0,0,2,3.8
2011,No,19,30,9,52,27,5,7,57,17,3,20,11.4,3,1.4,7,3.7,8,5.4,12,10.7,8,10.4,0,0,0,-1,20,3.7,2,4.3,14,10.9,37,26,4.6,6,2.8,8,4.2,4,2.7,5,4.5,3,3.9,0,0,0,-1,18,3.3,1,2.1,7,5.4
2011,No,3,4,2,24,18,2,8,12,3,23.1,4,50,0,0,4,66.7,1,25,2,33.3,0,0,2,50,0,-1,1,50,2,66.7,1,9.1,7,2,15.4,0,0,1,16.7,0,0,1,16.7,0,0,2,50,0,-1,0,0,0,0,0,0
2011,No,16,25,7,57,21,7,0,58,17,2.7,16,7.9,3,1.4,12,5.7,9,4.4,4,2.5,5,9.3,0,-1,0,0,13,2.7,1,2.3,19,6.9,33,16,2.5,4,1.8,2,1,4,2,6,3.8,1,1.9,0,-1,0,0,8,1.6,0,0,7,2.5
2011,No,21,34,8,66,22,9,1,99,146,4.3,130,14.8,27,2.6,55,4.4,67,7,87,12.3,41,12.3,0,0,1,1.4,99,6.3,104,6.5,62,7.4,276,150,4.4,28,2.7,45,3.6,46,4.8,23,3.3,8,2.4,0,0,2,2.8,33,2.1,56,3.5,49,5.8
2011,No,5,8,2,30,10,4,0,11,5,5.6,4,23.5,0,0,3,9.7,1,3.8,3,15,2,28.6,0,-1,0,0,1,16.7,2,8,6,9.1,9,23,25.6,8,34.8,7,22.6,4,15.4,3,15,1,14.3,0,-1,0,0,0,0,7,28,15,22.7
2011,No,2,4,0,21,13,2,0,0,1,9.1,1,100,0,0,1,33.3,1,20,0,0,0,-1,0,-1,0,-1,0,0,0,0,1,10,2,0,0,0,0,0,0,0,0,0,0,0,-1,0,-1,0,-1,0,0,0,0,0,0
2011,No,14,22,6,42,21,5,0,35,23,3.2,16,8.3,1,0.5,6,2.3,11,6,16,9.2,7,9.2,0,-1,0,0,26,4.9,4,3.8,7,3.1,39,25,3.5,6,2.7,7,2.7,3,1.6,8,4.6,2,2.6,0,-1,0,0,14,2.6,4,3.8,5,2.2
2011,Yes,9,15,2,41,14,7,6,9,18,4.3,18,28.1,2,2.9,4,2.9,12,9.2,13,14.1,6,11.1,0,0,0,0,4,5,3,3.8,29,10.5,36,53,12.6,6,8.7,12,8.7,19,14.6,12,13,5,9.3,0,0,0,0,3,3.8,5,6.3,43,15.6
2011,No,6,9,3,39,45,4,0,20,11,15.9,4,19,2,11.1,5,25,4,17.4,3,14.3,0,0,0,-1,0,-1,4,19,4,50,5,8.6,15,5,7.2,0,0,4,20,1,4.3,0,0,0,0,0,-1,0,-1,0,0,0,0,5,8.6
2011,No,5,9,2,37,17,2,5,18,7,3.5,12,25.5,3,4.7,3,4.1,3,6.3,7,16.7,2,11.1,1,50,0,0,6,6,3,7.3,8,9,19,11,5.5,1,1.6,5,6.8,3,6.3,2,4.8,1,5.6,0,0,0,0,3,3,0,0,8,9
2011,No,3,6,1,25,5,3,0,18,0,0,0,0,0,0,0,0,0,0,0,0,0,0,0,-1,0,-1,0,0,0,0,0,0,0,1,7.7,0,0,1,50,0,0,0,0,0,0,0,-1,0,-1,0,0,0,0,1,9.1
2012,No,17,27,7,44,15,6,0,70,15,2.8,12,8.8,4,2,9,4.7,3,2.5,8,8,4,7.5,0,-1,0,0,17,3.8,1,5,9,5.5,27,17,3.2,4,2,5,2.6,4,3.3,3,3,1,1.9,0,-1,0,0,8,1.8,1,5,7,4.3
2012,No,5,6,3,20,9,3,8,7,1,5.3,1,11.1,0,0,1,20,0,0,0,0,1,50,1,16.7,0,0,0,0,0,0,1,10,2,1,5.3,0,0,0,0,0,0,1,11.1,0,0,0,0,0,0,0,0,1,33.3,0,0
2012,No,12,20,3,47,15,7,20,18,39,7.3,17,19.1,4,3.3,18,9.4,14,9.7,12,10.3,9,17,7,16.7,1,6.7,3,3.1,13,6,31,12.9,56,35,6.5,8,6.6,4,2.1,13,9,7,6,3,5.7,3,7.1,0,0,1,1,14,6.5,15,6.3
2012,No,10,17,4,34,14,5,6,33,6,2.9,6,13.3,2,2.8,4,5.2,2,4.8,4,9.1,0,0,0,0,0,-1,3,2.5,1,5.3,8,8.1,12,10,4.9,0,0,7,9.1,0,0,1,2.3,1,6.7,0,0,0,-1,3,2.5,1,5.3,5,5.1
2012,Yes,16,29,3,46,20,12,10,23,164,3.6,92,17,24,2.6,59,3.6,58,5.1,82,8.5,33,8.7,1,7.1,9,3,71,8.4,86,4,84,5.4,256,259,5.7,40,4.3,94,5.7,67,5.9,47,4.9,11,2.9,2,14.3,3,1,29,3.4,93,4.3,116,7.4
2012,Yes,9,15,3,36,14,6,18,9,7,2.2,9,16.4,1,1.4,5,3.9,4,4.1,7,11.1,0,0,1,20,0,0,1,1.7,6,5.2,8,4.3,16,39,12.2,9,12.3,14,10.9,11,11.3,4,6.3,0,0,1,20,0,0,2,3.4,8,7,27,14.6
2012,No,10,15,5,41,22,4,33,9,20,9.2,21,28.8,2,4.3,5,6.5,10,13.9,17,26.6,6,19.4,0,0,0,0,16,13.6,17,20,7,9.1,41,7,3.2,0,0,0,0,2,2.8,3,4.7,1,3.2,0,0,0,0,3,2.5,1,1.2,2,2.6
2012,Yes,18,27,10,56,16,7,0,37,6,6.1,4,10.3,0,0,1,2.6,2,6.9,3,13.6,4,26.7,0,-1,0,0,8,9.1,1,11.1,1,2.8,10,3,3,0,0,3,7.7,0,0,0,0,0,0,0,-1,0,0,0,0,0,0,2,5.6
2012,No,106,161,57,162,98,40,79,249,21,5,22,13.3,6,4.8,8,4.7,11,9.2,12,12,7,10,0,0,0,0,39,9.3,2,4,0,0,43,12,2.9,3,2.4,4,2.4,1,0.8,3,3,1,1.4,0,0,0,0,7,1.7,1,2,4,4.8
2012,No,27,43,12,86,29,12,7,32,112,3.3,88,8.4,17,2.1,43,3.9,41,4.1,56,5.6,43,7.7,0,0,1,3.3,80,3.8,43,4,74,6.1,200,97,2.8,18,2.2,31,2.8,26,2.6,20,2,3,0.5,1,33.3,0,0,23,1.1,25,2.3,45,3.7
2012,No,33,52,14,79,28,9,16,117,79,3.8,62,10.4,14,2.1,23,3.1,34,6.2,46,9.4,24,10.7,1,33.3,1,6.7,103,5.4,6,3.3,26,6.3,141,54,2.6,12,1.8,19,2.6,10,1.8,11,2.3,2,0.9,0,0,0,0,26,1.4,6,3.3,19,4.6
2012,No,7,12,2,0,13,10,0,6,2,2.8,3,27.3,0,0,1,3.7,1,5.9,1,4.5,1,11.1,0,-1,0,0,0,-1,2,16.7,3,10.7,5,5,6.9,1,12.5,2,7.4,1,5.9,1,4.5,0,0,0,-1,0,0,0,-1,1,8.3,2,7.1
2012,No,3,5,1,27,4,3,0,6,1,3.1,2,33.3,0,0,1,10,0,0,2,28.6,0,0,0,-1,0,-1,0,0,0,0,3,10,3,8,25,2,28.6,2,20,3,42.9,0,0,1,14.3,0,-1,0,-1,0,0,1,20,6,20
2012,No,16,27,5,55,23,6,6,76,40,2.9,35,11.9,7,1.7,14,2.6,17,5.1,19,7.9,18,11,0,0,0,0,48,5.8,15,4.2,8,2,75,50,3.6,10,2.4,18,3.4,14,4.2,6,2.5,2,1.2,0,0,1,4.3,13,1.6,17,4.8,17,4.3
2012,No,9,15,3,49,17,4,0,24,12,3,11,12,5,3.3,1,0.7,6,6.3,6,8.5,5,14.3,0,-1,0,0,10,4.3,2,4,10,5.2,23,20,5,3,2,10,7.1,6,6.3,1,1.4,0,0,0,-1,1,25,2,0.9,1,2,14,7.3
2012,No,5,8,2,36,8,3,0,25,4,4.2,4,20,1,4.8,1,3.1,3,11.1,2,8.3,1,8.3,0,-1,0,0,3,12,0,0,5,6.9,8,13,13.5,4,19,4,12.5,2,7.4,3,12.5,0,0,0,-1,0,0,2,8,0,0,9,12.5
2012,No,7,11,2,35,12,4,0,20,3,2.4,3,11.1,0,0,0,0,2,6.9,2,7.4,1,6.3,0,-1,0,0,2,4.3,0,0,3,4.5,6,10,8,2,6.1,3,6.4,3,10.3,1,3.7,0,0,0,-1,0,0,2,4.3,1,3.7,6,9
2012,No,10,17,3,45,23,6,0,47,16,5.3,9,15.3,5,5.3,5,4.2,5,6.9,8,15.7,3,12,0,-1,0,0,8,6.3,1,4.5,16,8.4,25,13,4.3,4,4.3,5,4.2,3,4.2,0,0,1,4,0,-1,0,0,2,1.6,1,4.5,11,5.8
2012,No,27,39,16,66,27,8,9,31,48,6.7,48,15.5,7,2.6,18,6.4,19,9.6,36,18.6,15,17.2,0,0,0,0,73,9.5,3,7,19,9.7,96,24,3.3,4,1.5,7,2.5,6,3,4,2.1,3,3.4,0,0,0,0,15,1.9,2,4.7,7,3.6
2012,No,4,6,2,74,22,3,0,8,2,6.1,2,14.3,0,0,0,0,1,5.9,2,18.2,0,0,0,-1,0,0,2,22.2,1,33.3,1,3.2,4,0,0,0,0,0,0,0,0,0,0,0,0,0,-1,0,0,0,0,0,0,0,0
2012,No,28,42,15,69,29,6,16,123,60,6.1,40,10.6,3,1,15,4.1,17,6,38,14.6,27,16.8,0,0,1,6.3,83,8.5,3,2.7,8,5,100,24,2.4,4,1.4,7,1.9,3,1.1,8,3.1,2,1.2,0,0,0,0,10,1,3,2.7,5,3.1
2012,Yes,12,19,6,61,36,6,20,19,46,8.9,42,22.6,5,5.2,15,7.7,19,11.9,33,19.8,16,19,0,0,1,3.8,25,11.4,34,18.2,28,11,88,25,4.8,5,5.2,7,3.6,7,4.4,4,2.4,2,2.4,0,0,1,3.8,3,1.4,6,3.2,14,5.5
2012,No,10,16,4,42,11,4,7,32,24,3.7,25,17,6,2.4,10,4.6,11,7.4,12,10.2,9,16.1,0,0,1,10,29,6.1,2,5.7,14,6,49,19,2.9,4,1.6,5,2.3,5,3.4,2,1.7,2,3.6,0,0,0,0,10,2.1,0,0,8,3.4
2012,No,7,11,3,53,23,4,18,18,9,3.6,8,12.5,0,0,4,3.6,7,10.3,6,10.5,1,5,3,37.5,0,0,4,3.5,1,2.4,8,5.9,17,14,5.6,2,3.6,3,2.7,4,5.9,3,5.3,1,5,1,12.5,0,0,1,0.9,2,4.9,9,6.7
2012,No,18,30,7,38,19,5,9,154,10,2.8,8,8.9,3,2.1,3,2.5,5,7.1,3,4.8,3,6.1,0,0,0,0,14,4.2,1,8.3,3,4.2,18,8,2.2,1,0.7,0,0,2,2.9,2,3.2,3,6.1,0,0,0,0,5,1.5,0,0,1,1.4
2012,No,11,18,3,49,18,5,0,21,14,3.1,9,11,5,3.3,5,3.1,2,2.2,8,9.4,3,8.1,0,-1,0,0,12,4.3,1,3.4,10,4.9,23,23,5.2,3,2,11,6.8,6,6.5,2,2.4,1,2.7,0,-1,0,0,6,2.2,1,3.4,14,6.8
2012,No,2,4,1,25,9,2,4,13,1,6.3,2,50,0,0,0,0,0,0,2,28.6,0,-1,0,0,0,-1,0,0,0,0,3,23.1,3,2,12.5,0,0,1,16.7,0,0,0,0,0,-1,1,50,0,-1,0,0,0,0,0,0
2012,No,6,10,2,37,9,3,9,31,2,2.8,1,8.3,0,0,1,4.2,1,4.2,1,7.1,0,0,0,0,0,0,0,0,0,0,3,7.3,3,8,11.3,1,6.7,2,8.3,1,4.2,1,7.1,2,33.3,0,0,0,0,2,8.3,0,0,6,14.6
2012,No,16,28,4,41,21,11,10,21,13,4.1,10,21.3,2,2.5,6,5.5,5,5.6,9,15.5,2,8,0,0,0,0,7,9.5,1,0.8,14,10.4,23,23,7.3,5,6.3,10,9.2,5,5.6,3,5.2,1,4,0,0,0,0,1,1.4,6,5.1,15,11.2
2012,No,4,7,2,57,10,3,0,34,-2,-2,-2,-2,-2,-2,-2,-2,-2,-2,-2,-2,-2,-2,-2,-2,-2,-2,-2,-2,-2,-2,-2,-2,0,-2,-2,-2,-2,-2,-2,-2,-2,-2,-2,-2,-2,-2,-2,-2,-2,-2,-2,-2,-2,-2,-2
2012,No,17,27,9,58,32,5,0,101,93,9.7,72,21.8,13,5.4,34,9.5,38,13.4,49,17.8,31,23.5,0,-1,2,10,83,15.1,46,11.3,23,9.7,165,34,3.5,9,3.7,12,3.3,8,2.8,4,1.4,2,1.5,0,-1,1,5,10,1.8,13,3.2,8,3.4
2012,Yes,7,13,1,7,9,4,14,10,8,7.3,3,30,1,5,3,7.5,6,20,1,4.3,0,0,5,25,0,-1,0,0,6,8.7,0,0,11,14,12.8,1,5,4,10,6,20,2,8.7,0,0,3,15,0,-1,0,0,6,8.7,3,11.5
2012,Yes,22,35,9,56,47,7,6,114,209,7.4,118,14.9,27,3.7,56,5.1,75,10,76,11.6,93,24.5,0,0,4,5.5,152,11.5,116,8.6,31,4.8,327,116,4.1,15,2.1,41,3.7,23,3.1,25,3.8,13,3.4,0,0,2,2.7,23,1.7,48,3.6,34,5.3
2012,No,15,25,7,48,17,5,11,47,35,3.6,34,11.7,5,1.7,14,4.2,13,5.6,21,8.5,16,11.9,0,0,0,0,47,5.8,6,6.3,14,5.1,69,27,2.8,5,1.7,11,3.3,4,1.7,4,1.6,3,2.2,0,0,0,0,12,1.5,2,2.1,12,4.3
2012,No,2,2,2,64,8,1,0,15,0,0,0,0,0,0,0,0,0,0,0,0,0,0,0,-1,0,-1,0,0,0,0,0,0,0,1,16.7,0,0,0,0,0,0,1,100,0,0,0,-1,0,-1,0,0,1,100,0,0
2012,No,11,18,4,41,25,5,0,52,27,3.2,25,14.1,5,1.8,15,4.9,11,6.1,11,6.4,9,12,0,-1,0,0,25,5.4,5,7.5,17,4.1,52,37,4.4,10,3.6,11,3.6,7,3.9,7,4.1,2,2.7,0,-1,0,0,11,2.4,2,3,19,4.6
2012,No,9,15,3,30,13,7,6,13,12,5.1,15,31.3,3,4.3,8,8.2,9,19.1,6,12.5,1,4.3,1,7.1,1,20,4,6,3,9.4,17,11.4,27,21,8.9,5,7.1,7,7.2,1,2.1,4,8.3,3,13,0,0,0,0,2,3,2,6.3,14,9.4
2012,No,8,15,2,40,15,7,0,7,9,3.8,4,12.9,0,0,5,6.3,2,2.7,5,9.8,1,3.4,0,-1,0,0,1,4.5,2,4,8,4.4,13,25,10.5,5,14.7,5,6.3,10,13.3,3,5.9,1,3.4,0,-1,1,11.1,1,4.5,3,6,19,10.4
2012,No,13,21,6,69,37,5,20,33,84,7.8,71,19.8,8,2.5,32,8.8,42,14,46,15,27,18.1,0,0,0,0,68,8.9,43,20.1,43,10.9,155,39,3.6,6,1.9,13,3.6,12,4,7,2.3,2,1.3,1,33.3,0,0,11,1.4,11,5.1,16,4.1
2012,No,9,14,4,36,22,5,0,24,4,6.8,2,10.5,0,0,1,4,1,4.2,2,11.8,1,14.3,0,-1,0,0,2,11.8,2,8.7,1,2.9,6,3,5.1,0,0,1,4,2,8.3,0,0,0,0,0,-1,0,0,0,0,1,4.3,2,5.9
2012,No,18,28,8,46,19,6,7,23,15,2.8,18,11.3,4,1.9,6,3.2,5,4,8,7.3,9,12.9,0,0,0,0,21,4.3,2,5.9,8,4.8,33,24,4.4,6,2.9,8,4.3,3,2.4,3,2.8,4,5.7,0,0,0,0,9,1.8,2,5.9,13,7.8
2012,No,4,4,3,29,0,2,20,0,1,6.7,2,22.2,0,-1,1,33.3,1,14.3,1,7.7,0,0,2,20,0,-1,0,0,0,-1,1,9.1,3,1,6.7,0,-1,0,0,0,0,1,7.7,0,0,1,10,0,-1,0,0,0,-1,0,0
2012,No,16,25,7,57,22,7,7,67,21,3.2,12,6.1,7,3,10,4.3,6,3.8,8,5.6,3,3.6,0,0,0,0,11,2.2,1,2.1,21,7.7,33,15,2.3,2,0.8,7,3,4,2.5,2,1.4,1,1.2,0,0,0,0,3,0.6,1,2.1,11,4
2012,No,21,34,8,64,22,9,1,83,147,4.2,129,15.7,31,3,64,4.7,67,7.4,68,10.3,46,13.9,0,0,2,4.1,107,6.9,88,5.3,64,7.2,276,129,3.7,32,3.1,43,3.1,29,3.2,18,2.7,6,1.8,0,0,1,2,21,1.3,52,3.2,42,4.7
2012,No,6,9,2,38,10,4,23,14,2,2,4,18.2,0,0,3,7,2,8.3,0,0,1,7.7,0,0,0,0,0,0,1,3.8,4,5.3,6,18,18.2,3,17.6,6,14,4,16.7,5,20.8,0,0,1,20,1,50,0,0,3,11.5,12,16
2012,No,3,4,2,40,0,2,0,15,1,9.1,1,25,0,0,1,33.3,0,0,0,0,1,33.3,0,-1,0,0,0,0,0,-1,3,27.3,2,0,0,0,0,0,0,0,0,0,0,0,0,0,-1,0,0,0,0,0,-1,0,0
2012,No,14,22,5,43,19,5,5,22,16,2.1,19,10,3,1.3,8,2.8,10,5.3,8,5.3,6,7.4,0,0,0,0,23,4.2,2,2,9,3.8,35,21,2.8,4,1.7,9,3.2,3,1.6,5,3.3,0,0,0,0,0,0,7,1.3,3,3,10,4.2
2012,Yes,9,15,3,44,12,6,7,16,17,4.1,13,15.9,4,5.1,9,5.7,10,7.8,5,5.7,3,7,2,40,2,7.1,3,3.4,3,4.6,16,5.8,30,44,10.7,9,11.5,22,14,8,6.2,5,5.7,1,2.3,0,0,1,3.6,4,4.5,4,6.2,32,11.6
2012,No,5,8,2,35,38,3,0,44,4,6.5,3,16.7,1,5.6,4,19,2,10,0,0,0,0,0,-1,0,-1,2,10.5,0,0,4,8.5,7,6,9.7,2,11.1,2,9.5,0,0,1,7.1,0,0,0,-1,0,-1,0,0,1,14.3,4,8.5
2012,No,5,7,2,33,14,2,0,13,8,4.6,7,16.7,1,1.9,2,3.4,3,7.1,5,11.6,3,15.8,0,-1,0,0,4,4.4,3,8.6,9,10.7,15,6,3.4,1,1.9,4,6.8,1,2.4,0,0,0,0,0,-1,0,0,2,2.2,0,0,3,3.6
2012,No,2,3,0,16,3,1,11,0,0,0,0,0,0,0,0,0,0,0,0,-1,0,0,0,0,0,-1,0,0,0,0,0,0,0,0,0,0,0,0,0,0,0,0,-1,0,0,0,0,0,-1,0,0,0,0,0,0
2013,No,16,25,7,42,16,5,4,43,15,3,14,9.9,2,1.1,6,3.3,4,3.6,10,10.2,8,14,0,0,0,0,17,3.9,0,0,12,8,29,12,2.4,3,1.6,6,3.3,1,0.9,2,2,1,1.8,0,0,0,0,6,1.4,0,0,6,4
2013,No,4,5,2,25,6,2,5,3,0,0,1,16.7,0,0,0,0,0,0,0,0,1,20,0,0,0,0,0,0,0,0,1,12.5,1,1,5.9,0,0,1,10,0,0,0,0,0,0,0,0,0,0,1,20,0,0,0,0
2013,No,13,23,3,51,16,8,21,20,46,7.6,19,21.8,6,4.1,17,7.5,23,14.3,11,10.5,8,14,9,20.9,0,0,6,5.5,25,10.2,24,8.7,65,42,6.9,6,4.1,13,5.7,11,6.8,8,7.6,4,7,2,4.7,0,0,4,3.7,14,5.7,20,7.2
2013,No,11,17,5,38,12,5,0,51,6,2.9,4,7.1,1,1.2,3,4,4,6.9,2,6.9,0,0,0,-1,0,0,3,2.2,0,0,5,5.4,10,6,2.9,1,1.2,3,4,1,1.7,0,0,0,0,0,-1,0,0,0,0,0,0,5,5.4
2013,Yes,15,27,3,44,18,11,9,22,165,3.9,90,17.6,24,2.8,58,3.8,52,4.9,77,9.3,45,10.7,2,16.7,8,2.8,61,7.5,78,3.9,96,6.8,255,204,4.9,36,4.2,76,4.9,55,5.2,25,3,12,2.9,0,0,4,1.4,26,3.2,71,3.6,94,6.6
2013,Yes,7,12,2,31,12,5,4,7,7,2.6,4,9.5,1,1.9,2,1.8,1,1.4,5,10,2,9.1,1,100,1,11.1,2,3.8,2,2.1,4,2.7,11,20,7.4,3,5.6,9,8,4,5.6,3,6,1,4.5,0,0,0,0,2,3.8,6,6.3,12,8.1
2013,No,11,18,4,44,23,5,0,8,25,9.6,9,13.4,1,1.5,4,4.8,5,7.8,17,23.9,9,20,0,-1,0,0,13,10.2,8,8.5,13,13,34,4,1.5,1,1.5,1,1.2,0,0,1,1.4,1,2.2,0,-1,0,0,1,0.8,3,3.2,0,0
2013,Yes,14,22,7,40,17,6,0,44,3,3.7,6,21.4,0,0,1,3.2,0,0,6,22.2,1,6.3,0,-1,0,-1,9,14.3,0,0,0,0,9,6,7.4,2,9.1,2,6.5,1,7.7,0,0,1,6.3,0,-1,0,-1,2,3.2,1,10,2,6.5
2013,No,88,141,40,136,81,38,0,68,16,4.3,20,16.8,6,6.6,7,4.1,7,7.5,10,11.4,6,12,0,-1,0,0,34,9.5,0,0,2,2.4,36,23,6.1,3,3.3,13,7.6,3,3.2,1,1.1,2,4,0,-1,0,0,8,2.2,4,9.3,8,9.8
2013,No,26,40,13,80,31,11,5,47,97,3,96,8.9,13,1.6,33,2.8,45,5,51,5.8,51,8.9,0,0,2,4.5,78,4,32,2.8,77,7.1,193,88,2.7,20,2.5,32,2.7,14,1.5,12,1.4,10,1.7,0,0,0,0,22,1.1,20,1.7,41,3.8
2013,No,28,47,11,67,28,8,0,77,58,3.1,38,8.2,8,1.4,19,2.7,20,4.7,28,6.6,20,11,0,-1,2,15.4,68,4.1,5,2.8,18,4.7,96,46,2.5,10,1.7,19,2.7,9,2.1,7,1.7,1,0.5,0,-1,0,0,22,1.3,3,1.7,16,4.2
2013,No,8,15,1,24,17,10,38,5,4,4.4,2,28.6,0,0,1,3.6,1,4.3,3,12.5,1,9.1,0,0,0,0,0,0,1,6.3,3,10.3,6,5,5.5,1,8.3,1,3.6,2,8.7,0,0,0,0,0,0,1,4.5,0,0,1,6.3,1,3.4
2013,No,2,4,0,26,3,2,7,0,3,13,0,0,0,0,1,12.5,0,0,1,14.3,0,0,0,0,0,-1,0,0,0,0,3,16.7,3,4,17.4,1,33.3,1,12.5,1,16.7,1,14.3,0,0,1,100,0,-1,0,0,0,0,3,16.7
2013,No,15,25,5,54,21,5,0,58,30,2.3,36,12.5,7,1.6,13,2.6,16,5.6,15,6.6,15,10.1,0,-1,0,0,36,4.5,14,4.2,13,3.5,66,48,3.6,13,2.9,22,4.5,8,2.8,4,1.7,2,1.4,0,-1,0,0,17,2.1,13,3.9,16,4.3
2013,No,9,15,3,48,18,4,8,19,12,3.1,10,11.4,4,2.6,3,2.1,4,5.3,6,8.6,5,14.3,0,0,0,0,8,3.5,2,3.8,11,6.4,22,13,3.4,4,2.6,3,2.1,4,5.3,3,4.3,0,0,0,0,0,0,5,2.2,1,1.9,5,2.9
2013,No,5,7,3,34,9,3,0,16,4,4.6,2,5.9,0,0,0,0,1,3.8,4,14.3,1,4.8,0,-1,0,0,1,4,1,10,4,5.4,6,4,4.6,0,0,1,3.4,3,11.5,0,0,0,0,0,-1,0,0,0,0,0,0,4,5.4
2013,No,6,11,2,35,14,3,0,22,5,4,2,8.7,0,0,1,2.8,2,4.9,3,13,1,6.3,0,-1,0,0,1,2.1,0,0,6,10.2,7,8,6.4,2,6.3,2,5.6,3,7.3,1,4.3,0,0,0,-1,0,0,1,2.1,3,9.7,4,6.8
2013,No,10,16,3,39,19,7,0,38,14,4.8,11,17.7,1,1.4,8,7.1,4,5,8,14,4,10.8,0,-1,0,0,7,6.3,0,0,16,7.8,25,14,4.8,2,2.9,4,3.5,5,6.3,2,3.5,0,0,0,-1,0,0,3,2.7,0,0,10,4.9
2013,No,30,46,14,69,28,10,0,55,57,6.7,37,13.1,11,3.6,19,5.8,19,8.2,28,16.8,17,16.8,0,-1,0,0,68,8.3,2,4.3,23,9.5,94,32,3.8,13,4.2,8,2.4,8,3.5,2,1.2,2,2,0,-1,0,0,22,2.7,1,2.1,7,2.9
2013,No,3,5,1,80,14,2,0,8,4,15.4,2,33.3,0,0,3,50,1,9.1,0,0,0,0,0,-1,0,-1,2,20,0,0,3,15.8,6,0,0,0,0,0,0,0,0,0,0,0,0,0,-1,0,-1,0,0,0,0,0,0
2013,No,27,40,15,68,24,6,0,85,49,5.2,37,9.8,6,2.3,16,4.1,16,5.9,31,13.2,17,9.8,0,-1,0,0,58,6,2,2.1,17,9.8,86,31,3.3,6,2.3,8,2.1,4,1.5,8,3.4,5,2.9,0,-1,0,0,20,2.1,0,0,9,5.2
2013,Yes,12,19,6,51,38,6,10,11,49,9.6,40,22.2,9,9.1,15,8.4,20,15.2,28,14.7,17,19.3,1,100,1,5,32,17.1,31,15,24,9,89,19,3.7,1,1,9,5,3,2.3,3,1.6,3,3.4,0,0,0,0,1,0.5,4,1.9,14,5.2
2013,No,9,15,3,42,11,3,0,17,25,4,27,20.9,7,3.2,16,7.3,10,8.2,10,8,11,16.4,0,-1,3,30,27,5.6,4,10.8,18,8.7,52,20,3.2,5,2.3,10,4.6,1,0.8,4,3.2,1,1.5,0,-1,0,0,9,1.9,2,5.4,7,3.4
2013,No,7,10,3,53,16,4,11,14,6,2.6,6,7.9,2,3.9,5,5.1,3,5.9,1,1.4,1,2.7,2,40,0,0,3,2.6,1,3.3,7,4.9,12,14,6.1,4,7.8,3,3,6,11.8,1,1.4,0,0,0,0,0,0,1,0.9,0,0,10,6.9
2013,No,19,31,9,41,19,5,0,153,9,2.5,7,6.3,1,0.6,4,3.1,4,4.5,5,8.9,2,4.2,0,-1,0,0,12,3.3,0,0,1,1.4,16,6,1.6,2,1.3,2,1.6,1,1.1,1,1.8,0,0,0,-1,0,0,3,0.8,0,0,2,2.7
2013,No,9,16,3,42,14,5,0,16,17,4.4,14,18.4,4,2.9,7,5.3,10,11.2,6,8.6,5,13.5,0,-1,0,0,14,5.9,5,21.7,12,6.5,31,16,4.1,4,2.9,4,3.1,4,4.5,3,4.3,0,0,0,-1,0,0,3,1.3,1,4.3,11,5.9
2013,No,3,5,1,25,4,2,4,26,0,0,0,0,0,0,0,0,0,0,0,0,0,0,0,0,0,0,0,0,0,0,0,0,0,1,5,0,0,1,14.3,0,0,0,0,0,0,0,0,0,0,0,0,1,100,0,0
2013,No,5,8,2,35,10,3,0,6,1,1.6,2,12.5,0,0,1,5,1,4.5,0,0,1,33.3,0,-1,0,0,0,0,0,0,3,7.3,3,5,7.9,0,0,0,0,1,4.5,3,18.8,0,0,0,-1,0,0,0,0,0,0,4,9.8
2013,Yes,19,33,5,53,24,13,5,31,14,3.7,8,14.3,1,1,4,2.6,3,3.9,8,11.4,7,21.9,0,0,0,0,4,4,5,3.6,12,7.2,22,33,8.7,7,7,14,9,8,10.4,1,1.4,3,9.4,0,0,0,0,1,1,4,2.9,25,15.1
2013,No,3,5,1,16,13,2,0,17,-2,-2,-2,-2,-2,-2,-2,-2,-2,-2,-2,-2,-2,-2,-2,-2,-2,-2,-2,-2,-2,-2,-2,-2,0,-2,-2,-2,-2,-2,-2,-2,-2,-2,-2,-2,-2,-2,-2,-2,-2,-2,-2,-2,-2,-2,-2
2013,Yes,16,25,8,53,29,5,0,77,102,11.4,56,18.5,10,5,28,8.6,31,12.4,47,19.3,42,24.4,0,-1,1,6.7,83,16.5,50,12.9,20,8.8,158,30,3.4,7,3.5,9,2.8,9,3.6,4,1.6,1,0.6,0,-1,0,0,7,1.4,12,3.1,9,4
2013,Yes,8,15,2,16,10,5,15,15,7,5.6,5,27.8,2,5.9,1,2.2,6,19.4,2,9.5,0,0,2,9.5,0,0,0,0,5,6.3,4,11.8,12,15,11.9,3,8.8,5,11.1,5,16.1,1,4.8,1,7.7,1,4.8,0,0,1,20,6,7.6,5,14.7
2013,Yes,20,33,8,47,45,6,0,125,152,5.8,97,14.3,18,2.6,46,4.4,57,8.6,68,12.4,60,17.2,0,-1,5,7.1,104,9.3,101,7.8,24,4.4,249,101,3.9,23,3.3,44,4.2,18,2.7,13,2.4,3,0.9,0,-1,2,2.9,19,1.7,43,3.3,30,5.5
2013,No,16,26,6,47,20,6,7,36,44,4.2,34,13,4,1.2,15,4.5,17,6.3,20,8.4,22,16.5,1,16.7,0,0,48,5.9,5,4.2,22,7.1,78,45,4.3,9,2.8,18,5.4,9,3.3,6,2.5,2,1.5,0,0,0,0,16,2,5,4.2,21,6.8
2013,No,3,5,1,72,14,2,4,0,0,0,0,0,0,0,0,0,0,0,0,-1,0,0,0,0,0,-1,0,0,0,0,0,0,0,1,6.7,1,33.3,0,0,0,0,0,-1,0,0,0,0,0,-1,1,14.3,0,0,0,0
2013,No,11,18,4,43,25,5,5,40,29,3.4,32,17.5,6,2,19,6.6,10,5.2,16,9.8,10,10.3,0,0,0,0,24,4.9,1,1.5,33,7.7,61,26,3,11,3.7,6,2.1,4,2.1,3,1.8,1,1,0,0,0,0,5,1,2,2.9,14,3.3
2013,No,11,18,3,43,9,7,11,13,16,5.6,16,33.3,1,1.3,6,6.1,8,11.9,13,21,4,15.4,5,18.5,0,0,6,6.2,1,4.3,19,11.9,32,19,6.7,5,6.4,7,7.1,2,3,3,4.8,1,3.8,1,3.7,0,0,1,1,0,0,17,10.7
2013,No,7,12,2,36,14,6,3,1,8,4,8,27.6,1,3,4,6.7,4,6.5,7,11.9,0,0,1,100,0,0,1,5,2,4.3,12,7.9,16,23,11.4,9,27.3,4,6.7,4,6.5,5,8.5,1,6.3,0,0,0,0,2,10,1,2.1,20,13.2
2013,No,12,20,5,63,28,4,20,42,74,7.1,37,13.5,11,3.8,25,7,18,7.5,37,13.5,19,11.9,0,0,1,4,42,6,24,14.1,42,11.3,111,34,3.2,9,3.1,2,0.6,9,3.8,8,2.9,7,4.4,0,0,2,8,13,1.8,8,4.7,10,2.7
2013,Yes,9,14,4,29,19,6,28,15,2,3.2,6,35.3,0,0,4,16,0,0,1,7.7,2,15.4,0,0,0,-1,1,7.1,3,15,4,9.5,8,3,4.8,1,6.7,1,4,0,0,0,0,1,7.7,0,0,0,-1,0,0,1,5,2,4.8
2013,No,18,28,8,46,23,6,0,51,21,3.9,21,12.4,3,1.6,8,4.3,13,9.4,12,10,7,9.3,0,-1,0,0,21,4.3,4,9.8,14,8.6,42,17,3.1,7,3.7,6,3.2,3,2.2,2,1.7,0,0,0,-1,0,0,6,1.2,0,0,11,6.7
2013,No,5,6,3,35,15,2,22,11,4,18.2,3,30,1,33.3,3,37.5,1,11.1,2,22.2,0,0,2,18.2,0,0,1,25,0,0,4,33.3,7,1,4.5,0,0,1,12.5,0,0,0,0,0,0,1,9.1,0,0,0,0,0,0,0,0
2013,No,14,24,5,52,19,6,0,59,11,1.7,10,6.7,2,1,4,1.7,5,3.6,5,3.9,6,8.2,0,-1,1,16.7,7,1.5,1,2.4,12,4.9,21,18,2.8,5,2.5,6,2.5,3,2.2,4,3.1,1,1.4,0,-1,0,0,7,1.5,1,2.4,8,3.2
2013,No,20,34,7,64,21,9,1,64,130,3.7,90,11.2,23,2.2,65,4.5,52,6,48,7.4,32,9.7,0,0,2,2.7,71,4.5,80,5,58,6.4,220,147,4.2,23,2.2,58,4,37,4.3,17,2.6,12,3.6,0,0,0,0,30,1.9,51,3.2,63,6.9
2013,No,5,8,1,46,8,4,0,16,3,3.2,3,21.4,1,5.3,2,4.5,1,4.3,1,6.7,0,0,0,-1,0,0,0,0,1,4.8,5,7.4,6,16,17,4,21.1,10,22.7,2,8.7,0,0,0,0,0,-1,0,0,1,10,2,9.5,12,17.6
2013,No,2,4,0,56,0,2,0,14,2,18.2,1,100,0,0,1,20,1,33.3,0,0,0,-1,0,-1,0,-1,1,33.3,0,-1,1,12.5,3,0,0,0,0,0,0,0,0,0,0,0,-1,0,-1,0,-1,0,0,0,-1,0,0
2013,No,14,23,5,43,17,6,0,24,18,2.3,13,7,1,0.4,6,2.2,6,3.4,10,6,8,8.1,0,-1,0,0,19,3.4,2,2.2,9,3.4,31,23,3,7,2.8,6,2.2,5,2.9,3,1.8,2,2,0,-1,0,0,6,1.1,3,3.3,12,4.6
2013,Yes,8,13,2,41,13,6,5,8,16,4.3,11,15.9,4,5.4,7,5.2,9,7.3,5,6.1,2,6.9,1,25,1,4.3,4,4.8,6,7.7,16,6.8,27,35,9.4,5,6.8,12,8.9,8,6.5,10,12.2,1,3.4,1,25,0,0,3,3.6,8,10.3,22,9.3
2013,No,5,8,2,28,31,3,0,37,9,15,7,50,1,11.1,4,16,2,16.7,4,22.2,4,40,0,-1,0,-1,5,33.3,1,16.7,7,14.9,16,2,3.3,1,11.1,0,0,0,0,0,0,0,0,0,-1,0,-1,0,0,0,0,1,2.1
2013,No,5,9,2,35,15,2,5,8,7,3.4,6,16.2,1,1.9,4,5.4,2,4.7,3,7.1,4,12.5,0,0,0,0,6,6.3,3,7.9,2,2.1,13,6,2.9,0,0,1,1.4,4,9.3,1,2.4,0,0,0,0,0,0,3,3.1,1,2.6,2,2.1
2013,No,3,6,1,13,7,3,0,0,0,0,0,0,0,0,0,0,0,0,0,0,0,0,0,-1,0,-1,0,0,0,0,0,0,0,0,0,0,0,0,0,0,0,0,0,0,0,0,-1,0,-1,0,0,0,0,0,0
2014,No,17,28,6,45,16,6,0,49,16,2.9,11,8.6,4,1.9,5,2.3,10,8.8,4,5.2,5,9.6,0,-1,0,0,17,3.6,0,0,7,4.6,27,14,2.6,6,2.9,3,1.4,2,1.8,3,3.9,0,0,0,-1,0,0,6,1.3,0,0,7,4.6
2014,No,6,10,3,35,8,4,14,7,0,0,0,0,0,0,0,0,0,0,0,0,0,0,0,0,0,-1,0,0,0,0,0,0,0,1,3.2,1,14.3,0,0,0,0,0,0,0,0,0,0,0,-1,0,0,0,0,0,0
2014,No,13,23,4,60,18,8,24,13,39,6.2,24,21.4,5,2.9,24,9.9,18,10.9,11,10.3,4,6.8,7,13.7,0,0,5,3.8,21,7.7,30,11.3,63,45,7.1,10,5.8,19,7.8,7,4.2,6,5.6,3,5.1,4,7.8,0,0,6,4.6,9,3.3,26,9.8
2014,No,12,22,4,40,17,6,0,65,9,3.5,10,21.7,2,1.9,3,3.8,5,9.8,8,14.8,2,10.5,0,-1,0,-1,4,2.8,3,12,13,11.3,19,10,3.8,2,1.9,3,3.8,3,5.9,1,1.9,1,5.3,0,-1,0,-1,1,0.7,1,4,7,6.1
2014,Yes,16,29,4,44,20,11,8,22,169,3.7,101,17.1,27,2.8,64,3.6,63,5.7,65,7.7,52,11.8,2,18.2,5,1.4,47,5.7,98,4.2,106,7.2,270,207,4.6,33,3.4,72,4.1,57,5.1,34,4,11,2.5,0,0,7,2,29,3.5,79,3.4,85,5.8
2014,Yes,9,15,2,40,13,6,4,14,10,3,8,16.3,2,3.2,5,3.8,6,6.3,5,7.7,1,4.8,0,0,0,0,3,4.4,5,4.5,10,5.5,18,31,9.5,4,6.5,9,6.8,13,13.5,3,4.6,1,4.8,0,0,0,0,2,2.9,9,8.2,19,10.5
2014,Yes,10,14,5,45,17,3,16,16,21,10,9,11.3,3,5.8,3,3.9,7,13.5,10,14.5,8,20,0,0,0,0,16,12.2,8,11.3,6,8,30,7,3.3,3,5.8,2,2.6,1,1.9,1,1.4,0,0,0,0,0,0,1,0.8,3,4.2,3,4
2014,Yes,15,19,10,41,15,7,0,42,4,5.5,5,11.9,2,10.5,1,3,3,10.3,1,4.8,1,7.7,0,-1,0,-1,1,1.5,1,11.1,6,17.6,9,0,0,0,0,0,0,0,0,0,0,0,0,0,-1,0,-1,0,0,0,0,0,0
2014,No,73,124,27,113,68,29,78,104,15,4.5,17,20.7,3,3.5,7,5.6,5,5.7,7,11.5,10,18.2,0,0,0,0,29,9.8,1,2.7,2,3.2,32,10,3,3,3.5,2,1.6,3,3.4,1,1.6,1,1.8,0,0,0,0,4,1.3,1,2.7,4,6.3
2014,No,27,43,11,79,33,12,13,36,105,2.9,101,10.3,19,2.2,49,3.6,44,5,49,5.3,44,8.1,3,50,2,5.1,63,3.2,42,3.3,90,7.7,206,108,3,11,1.3,45,3.3,20,2.3,22,2.4,9,1.7,0,0,0,0,25,1.3,25,2,56,4.8
2014,No,28,47,11,67,27,8,15,80,55,2.9,33,7.2,9,1.6,21,2.8,18,4,23,6.4,18,8,0,0,0,0,60,3.5,6,3.4,17,4.7,88,36,1.9,10,1.8,13,1.8,6,1.3,5,1.4,1,0.4,0,0,0,0,17,1,4,2.3,10,2.7
2014,No,8,15,2,42,6,13,0,8,5,5.7,1,9.1,0,0,1,2.9,3,11.1,0,0,2,15.4,0,-1,0,0,1,11.1,0,0,1,2.8,6,9,10.2,4,30.8,4,11.8,0,0,0,0,1,7.7,0,-1,2,11.8,0,0,1,16.7,3,8.3
2014,No,2,4,0,0,2,2,0,0,0,0,0,-1,0,0,0,0,0,0,0,0,0,0,0,-1,0,-1,0,-1,0,0,0,0,0,3,13,0,0,2,28.6,1,12.5,0,0,0,0,0,-1,0,-1,0,-1,1,33.3,2,10
2014,No,14,25,4,50,20,5,0,44,31,2.4,33,13.8,6,1.4,13,2.6,13,4.6,20,9.7,12,10.3,0,-1,0,0,38,5,7,2.2,16,4.3,64,52,4,10,2.3,13,2.6,19,6.7,6,2.9,4,3.4,0,-1,2,6.9,13,1.7,7,2.2,25,6.7
2014,No,8,14,3,39,18,4,0,23,10,2.7,5,5.9,2,1.6,6,3.9,4,4.9,1,1.6,2,5.4,0,-1,0,0,3,1.6,2,3.6,10,5.2,15,16,4.3,4,3.1,6,3.9,4,4.9,1,1.6,2,5.4,0,-1,0,0,5,2.7,0,0,11,5.7
2014,No,4,6,1,14,8,3,0,26,5,6.5,2,11.8,1,5.9,1,3.7,0,0,4,23.5,1,6.3,0,-1,0,0,1,9.1,0,0,6,9.1,7,5,6.5,1,5.9,2,7.4,0,0,2,11.8,0,0,0,-1,0,0,1,9.1,0,0,4,6.1
2014,No,6,9,2,19,11,3,21,24,5,4.9,4,14.8,1,3.2,3,7,4,18.2,0,0,1,9.1,0,0,1,25,1,3.8,1,3.8,6,10,9,7,6.8,1,3.2,3,7,2,9.1,2,8.7,0,0,0,0,2,50,2,7.7,1,3.8,3,5
2014,No,9,16,3,35,31,6,0,17,9,3.2,6,10.5,2,2.9,4,3.9,1,1.2,5,8.1,4,17.4,0,-1,0,0,7,6.9,0,0,8,4.1,15,12,4.2,1,1.4,5,4.9,4,4.7,1,1.6,0,0,0,-1,0,0,3,3,0,0,9,4.6
2014,No,32,48,16,72,39,11,17,40,53,5.9,31,9.8,6,1.8,19,4.9,20,8.4,21,13,17,17.9,1,25,2,28.6,58,6.7,3,4.5,18,7,84,28,3.1,5,1.5,13,3.3,7,3,3,1.9,1,1.1,0,0,0,0,12,1.4,1,1.5,14,5.4
2014,No,5,7,3,155,27,3,0,7,3,7.9,0,0,0,0,0,0,1,9.1,2,11.1,1,10,0,-1,0,-1,1,5,0,0,2,6.7,3,0,0,0,0,0,0,0,0,0,0,0,0,0,-1,0,-1,0,0,0,0,0,0
2014,No,25,37,14,64,28,5,0,78,36,4,25,6.7,4,1.6,11,2.9,14,4.8,16,7.5,17,12.8,0,-1,0,0,45,4.8,3,2.6,11,7.7,61,15,1.7,2,0.8,6,1.6,4,1.4,3,1.4,1,0.8,0,-1,0,0,9,1,3,2.6,3,2.1
2014,Yes,11,18,6,55,32,5,10,11,44,8.9,34,20.7,7,6.9,17,8.9,18,13.5,25,16.2,12,15,1,100,2,6.5,29,13.9,23,12.9,23,9.9,78,21,4.2,2,2,7,3.7,7,5.3,4,2.6,2,2.5,0,0,0,0,3,1.4,4,2.2,12,5.2
2014,No,9,16,3,42,14,4,6,15,17,2.7,16,11.1,3,1.3,12,4.8,4,3.3,5,4.5,9,13.8,0,0,1,6.7,20,4.2,2,4.3,8,3.6,33,19,3,5,2.1,10,4,1,0.8,2,1.8,0,0,0,0,0,0,6,1.3,1,2.1,11,4.9
2014,No,7,11,3,50,18,4,11,9,5,2.1,6,8.5,1,1.7,4,4,3,3.8,1,2.3,2,7.4,1,20,0,0,6,5.3,1,2.9,4,2.9,11,14,6,1,1.7,7,7.1,2,2.6,2,4.7,1,3.7,1,20,1,11.1,1,0.9,1,2.9,9,6.6
2014,No,19,31,9,42,23,5,0,82,7,1.9,7,6.3,1,0.7,4,2.6,3,4.4,2,3.4,4,9.1,0,-1,0,0,9,2.4,1,6.7,3,4,14,6,1.6,0,0,3,1.9,1,1.5,1,1.7,1,2.3,0,-1,0,0,3,0.8,1,6.7,3,4
2014,No,9,16,3,42,13,5,0,18,14,3.6,7,9.2,4,2.9,5,3.3,5,5.8,6,10,2,6.1,0,-1,0,0,4,1.7,3,13.6,13,6.9,21,24,6.1,6,4.3,10,6.6,8,9.3,0,0,0,0,0,-1,1,16.7,9,3.8,0,0,13,6.9
2014,No,2,3,1,0,4,1,2,0,1,9.1,0,0,0,0,0,0,1,25,0,0,0,-1,0,0,0,-1,0,-1,0,0,1,9.1,1,2,18.2,0,0,1,16.7,0,0,1,50,0,-1,0,0,0,-1,0,-1,1,100,1,9.1
2014,No,6,10,1,39,8,4,9,11,2,2.6,0,0,0,0,0,0,0,0,2,12.5,0,0,0,0,0,0,1,3.8,0,0,1,2.1,2,6,7.7,2,13.3,2,6.7,1,4,0,0,0,0,0,0,0,0,0,0,0,0,5,10.6
2014,Yes,19,33,4,52,24,12,19,21,15,3.9,8,15.4,4,4,8,5.3,2,2.5,7,9,2,7.1,0,0,0,0,3,3,4,2.8,16,10.1,23,31,8,4,4,14,9.3,6,7.4,6,7.7,1,3.6,0,0,0,0,2,2,6,4.2,22,13.8
2014,No,4,6,1,62,22,2,0,8,-2,-2,-2,-2,-2,-2,-2,-2,-2,-2,-2,-2,-2,-2,-2,-2,-2,-2,-2,-2,-2,-2,-2,-2,0,-2,-2,-2,-2,-2,-2,-2,-2,-2,-2,-2,-2,-2,-2,-2,-2,-2,-2,-2,-2,-2,-2
2014,Yes,17,26,8,57,33,4,0,50,90,9.7,61,19.4,13,5.7,32,8.7,35,13.2,36,16.7,35,21.6,0,-1,1,8.3,78,14.2,42,9.5,26,13.4,151,21,2.3,6,2.6,8,2.2,3,1.1,4,1.9,1,0.6,0,-1,0,0,5,0.9,9,2,5,2.6
2014,Yes,8,14,2,22,9,4,18,10,11,9.3,2,13.3,1,4.2,5,10,2,7.4,2,9.5,2,18.2,1,3.8,0,-1,1,14.3,8,11.3,2,7.4,13,6,5.1,1,4.2,2,4,2,7.4,0,0,1,9.1,0,0,0,-1,0,0,6,8.5,0,0
2014,Yes,20,33,8,50,43,6,2,85,143,5.4,104,14.6,19,2.9,48,4.5,57,8.1,57,10.3,65,17.3,0,0,5,5.4,110,9.1,84,6.6,33,5.3,247,79,3,18,2.7,24,2.2,16,2.3,13,2.4,8,2.1,0,0,0,0,24,2,30,2.4,20,3.2
2014,No,16,26,7,48,21,5,9,38,35,3.4,30,10.8,7,1.9,12,3.1,12,5.1,23,11.5,11,9.2,0,0,0,0,42,5,2,1.6,19,6.5,65,45,4.3,7,1.9,19,4.8,10,4.2,6,3,4,3.3,0,0,1,5.9,13,1.6,6,4.7,25,8.5
2014,No,3,5,1,78,0,2,4,0,0,0,1,25,0,0,0,0,0,0,1,20,0,0,0,0,0,0,0,0,0,-1,0,0,1,1,5.9,0,0,0,0,0,0,1,20,0,0,0,0,0,0,0,0,0,-1,1,10
2014,No,10,17,3,42,26,5,0,29,25,3.1,20,14.6,6,2.2,11,3.6,14,7.7,7,5.6,8,11,0,-1,0,0,15,3.1,4,5.3,25,7,45,26,3.2,4,1.5,14,4.6,4,2.2,3,2.4,1,1.4,0,-1,0,0,4,0.8,4,5.3,14,3.9
2014,No,10,16,3,32,11,7,7,18,11,4.4,10,19.2,2,3,6,5.8,7,11.7,4,7.8,3,13,3,16.7,0,0,2,2.7,0,0,14,9.2,21,29,11.6,2,3,12,11.7,9,15,6,11.8,0,0,0,0,0,0,3,4.1,4,13.3,20,13.2
2014,No,7,13,1,23,14,6,3,8,13,6,7,33.3,2,6.7,5,6.2,5,8.9,5,10.6,3,12,0,0,0,0,1,7.7,1,2.1,17,10.6,20,35,16.1,5,16.7,16,19.8,6,10.7,6,12.8,3,12,0,0,0,0,2,15.4,4,8.3,25,15.6
2014,No,11,18,5,56,28,4,27,30,45,4.7,29,11.3,5,1.9,18,5.3,21,8.7,19,8.1,11,8,0,0,0,0,28,4.5,18,10.3,27,7.6,74,31,3.2,2,0.8,12,3.6,7,2.9,7,3,2,1.4,0,0,0,0,7,1.1,5,2.9,15,4.2
2014,Yes,10,17,3,37,23,5,0,37,3,4.1,1,6.3,0,0,1,4.2,2,9.1,1,6.3,0,0,0,-1,0,0,1,5.6,2,7.7,1,2.7,4,3,4.1,1,7.1,2,8.3,0,0,0,0,0,0,0,-1,0,0,0,0,0,0,3,8.1
2014,No,19,32,7,50,15,7,13,37,22,3.6,12,8.4,4,1.7,8,3.7,6,5.5,8,6.3,9,12.9,0,0,0,-1,21,3.9,1,3.6,11,6.4,34,16,2.6,2,0.8,7,3.3,5,4.6,1,0.8,1,1.4,0,0,0,-1,6,1.1,1,3.6,9,5.2
2014,No,4,5,3,106,5,2,8,0,2,11.8,0,0,0,0,0,0,1,10,1,16.7,0,0,1,25,0,-1,0,0,0,0,1,9.1,2,3,17.6,0,0,0,0,1,10,2,33.3,0,0,2,50,0,-1,0,0,0,0,1,9.1
2014,No,14,23,6,49,22,6,0,29,16,2.7,17,10.6,3,1.4,9,4,4,2.7,8,7.5,9,14.5,0,-1,0,0,10,2.3,0,0,22,8.8,33,14,2.3,5,2.3,6,2.7,2,1.3,1,0.9,0,0,0,-1,0,0,2,0.5,0,0,11,4.4
2014,No,20,34,7,63,22,9,4,59,128,3.5,97,12,22,2,49,3.4,60,6.7,58,9.1,37,12.2,0,0,2,2.7,82,5.1,73,4.3,62,7,225,144,4,34,3,58,4,27,3,18,2.8,7,2.3,0,0,0,0,32,2,50,2.9,53,6
2014,No,5,9,1,53,11,3,0,3,3,3,3,18.8,0,0,1,2.1,3,10.7,1,9.1,1,11.1,0,-1,0,0,1,8.3,0,0,4,6.3,6,19,19,2,10,13,27.1,2,7.1,0,0,1,11.1,0,-1,0,0,1,8.3,4,12.5,12,19
2014,No,4,5,2,89,11,2,0,14,1,7.1,2,40,1,14.3,1,33.3,1,33.3,1,25,0,0,0,-1,0,0,1,20,0,0,2,18.2,3,2,14.3,1,14.3,0,0,0,0,0,0,1,50,0,-1,0,0,1,20,0,0,1,9.1
2014,No,13,21,5,40,16,6,5,20,19,2.6,11,5.9,3,1.3,7,2.5,9,5.1,7,5.1,5,6.1,0,0,1,5.9,20,3.8,2,2.3,7,2.7,30,22,3,5,2.2,5,1.8,8,4.6,3,2.2,0,0,0,0,1,5.9,6,1.1,4,4.5,11,4.3
2014,Yes,7,12,3,43,11,5,7,7,14,3.9,14,18.9,4,6.1,8,6,6,5.5,7,7.7,4,11.1,0,0,0,0,5,5.5,5,7.7,17,7.6,28,31,8.5,5,7.6,9,6.7,10,9.1,7,7.7,1,2.8,0,0,0,0,1,1.1,2,3.1,24,10.8
2014,No,6,9,2,28,15,5,0,18,4,5.5,2,12.5,1,4.8,0,0,3,12.5,1,6.7,0,0,0,-1,0,0,1,6.7,0,0,5,7.5,6,3,4.1,0,0,3,14.3,0,0,0,0,0,0,0,-1,0,0,0,0,0,0,2,3
2014,No,4,8,1,34,17,2,5,10,4,2.2,5,15.6,1,1.6,1,1.7,1,2.6,5,12.2,1,7.7,0,0,0,0,4,4.2,4,9.3,1,1.6,9,3,1.6,0,0,2,3.3,0,0,1,2.4,0,0,0,0,0,0,1,1,0,0,2,3.1
2014,No,2,3,1,47,5,1,0,0,1,12.5,0,0,0,-1,0,0,1,33.3,0,0,0,-1,0,-1,0,-1,0,0,0,0,1,20,1,0,0,0,-1,0,0,0,0,0,0,0,-1,0,-1,0,-1,0,0,0,0,0,0
2015,No,16,27,7,41,20,6,0,52,14,2.7,10,7.1,5,2.5,5,2.5,8,7.1,3,3.6,4,6.1,0,-1,0,0,12,2.8,1,3.6,11,6.5,24,15,2.9,6,3,5,2.5,3,2.7,1,1.2,1,1.5,0,-1,0,0,11,2.5,0,0,3,1.8
2015,No,4,6,2,20,5,2,11,0,0,0,0,0,0,0,0,0,0,0,0,0,0,0,0,0,0,0,0,0,0,0,0,0,0,2,10.5,0,0,0,0,1,25,0,0,0,0,0,0,0,0,0,0,0,0,1,12.5
2015,No,12,21,3,54,16,7,23,11,40,6.7,20,20.6,5,3.4,20,8.5,13,9.3,16,14.2,7,11.7,6,12.2,1,6.3,8,6.5,23,9.2,22,9.1,60,55,9.2,9,6.2,19,8.1,18,12.9,6,5.3,3,5,5,10.2,1,6.3,7,5.6,19,7.6,22,9.1
2015,No,11,18,4,38,13,6,0,15,9,4.1,4,7.4,1,1.4,4,4.8,2,5.1,4,8.2,3,12,0,-1,0,0,5,3.6,1,5.3,7,6.8,13,5,2.3,0,0,3,3.6,1,2.6,1,2,0,0,0,-1,0,0,1,0.7,0,0,4,3.9
2015,Yes,15,28,3,47,19,11,12,19,156,3.5,94,17.8,31,3.1,69,4,56,5.4,51,6.2,43,10.5,1,5.9,6,1.9,56,6.3,74,3.4,104,7.3,250,198,4.4,36,3.6,71,4.2,49,4.7,33,4,9,2.2,1,5.9,5,1.6,23,2.6,63,2.9,95,6.6
2015,Yes,8,14,2,35,13,6,10,12,10,3.1,5,9.3,2,2.4,2,1.6,4,4.7,3,4.9,4,19,1,33.3,0,0,2,3.3,3,2.6,8,4.3,15,45,13.9,12,14.5,22,17.3,7,8.1,2,3.3,1,4.8,0,0,1,33.3,3,4.9,10,8.7,29,15.5
2015,Yes,9,14,4,33,19,4,16,8,11,5.3,5,7.6,1,1.9,5,6.3,1,2,6,12,3,7.5,0,0,0,0,5,5.1,3,3.8,6,7,16,11,5.3,1,1.9,5,6.3,1,2,2,4,1,2.5,0,0,0,0,3,3.1,1,1.3,6,7
2015,Yes,13,22,5,33,21,7,0,16,3,3.5,2,10.5,1,5.3,0,0,1,5,2,11.8,0,0,0,-1,0,-1,1,1.9,2,15.4,2,5.7,5,5,5.9,0,0,3,8.6,0,0,1,5.9,1,7.7,0,-1,0,-1,1,1.9,1,7.7,3,8.6
2015,No,63,101,30,100,81,19,0,74,10,3.7,9,9.9,1,1.5,6,4.5,5,6.3,3,6.3,4,10.8,0,-1,0,0,17,6.4,0,0,1,2.4,19,4,1.5,0,0,2,1.5,2,2.5,1,2.1,0,0,0,-1,0,0,3,1.1,0,0,1,2.4
2015,No,27,44,11,78,36,11,9,28,93,2.5,103,10.3,22,2.4,61,4.4,40,4.2,47,5.6,25,4.4,0,0,0,0,57,2.9,42,2.9,95,8.6,196,98,2.7,20,2.2,36,2.6,18,1.9,14,1.7,10,1.8,0,0,1,1.9,17,0.9,19,1.3,60,5.4
2015,No,31,51,11,74,27,9,0,68,52,2.5,37,7.4,11,1.7,23,2.6,15,3.3,21,5.4,18,8.2,0,-1,0,0,56,2.9,3,1.6,27,6.7,89,38,1.8,9,1.4,15,1.7,7,1.5,7,1.8,1,0.5,0,-1,0,0,18,0.9,2,1.1,18,4.4
2015,No,10,19,2,53,11,14,37,9,8,7.1,4,44.4,0,0,4,8.3,2,8.7,3,11.5,3,27.3,0,0,1,4.8,2,16.7,0,0,5,12.2,12,2,1.8,0,0,1,2.1,1,4.3,0,0,0,0,0,0,0,0,0,0,0,0,0,0
2015,No,3,5,1,106,6,2,0,0,1,2.9,0,0,0,0,1,6.7,0,0,0,0,0,0,0,-1,1,33.3,1,11.1,0,0,0,0,1,3,8.6,1,11.1,1,6.7,0,0,1,11.1,0,0,0,-1,0,0,0,0,0,0,3,15
2015,No,14,25,4,51,20,5,18,43,25,1.9,32,13.5,6,1.4,14,2.7,9,3.4,14,7.2,14,12,0,0,0,0,31,4.1,6,1.9,17,4.9,57,56,4.3,11,2.6,25,4.8,11,4.1,6,3.1,3,2.6,0,0,0,0,15,2,16,5,22,6.4
2015,Yes,12,18,5,42,17,8,8,16,103,21.3,82,54.7,26,21.3,74,31,54,39.7,25,25.3,8,21.6,0,0,0,0,5,2.5,3,5.6,173,48.6,185,21,4.3,2,1.6,12,5,4,2.9,0,0,2,5.4,0,0,0,0,3,1.5,1,1.9,16,4.5
2015,No,5,8,2,29,14,3,0,18,7,7.1,5,19.2,0,0,3,10.7,5,19.2,3,13,0,0,0,-1,0,0,0,0,2,11.8,9,12.3,12,5,5.1,2,6.3,2,7.1,0,0,1,4.3,0,0,0,-1,0,0,0,0,0,0,4,5.5
2015,No,7,11,2,33,15,3,5,16,3,2.3,2,7.7,1,2.6,0,0,1,3,1,5,1,6.3,0,0,0,0,2,4.4,0,0,1,1.6,5,10,7.8,2,5.1,3,6.5,1,3,1,5,2,12.5,0,0,0,0,2,4.4,2,5.7,5,8.2
2015,Yes,9,16,3,44,13,6,0,23,8,2.8,11,19.6,2,2.4,5,4.3,3,4.6,6,11.3,2,8.7,0,-1,0,0,4,3.1,0,0,14,7.6,19,16,5.6,4,4.8,9,7.7,1,1.5,0,0,1,4.3,0,-1,0,0,5,3.9,0,0,10,5.4
2015,No,29,45,14,67,34,10,37,13,50,5.9,33,12.3,5,1.7,23,6.2,29,13.9,11,7.4,15,15.3,0,0,0,0,51,6.3,6,10,25,11.1,83,39,4.6,6,2.1,13,3.5,12,5.7,5,3.4,3,3.1,0,0,1,33.3,18,2.2,3,5,17,7.6
2015,No,4,7,2,105,26,3,0,7,5,13.5,1,11.1,3,30,1,10,1,11.1,1,10,1,14.3,0,-1,0,-1,1,7.1,1,25,4,14.8,6,1,2.7,0,0,0,0,0,0,1,10,0,0,0,-1,0,-1,0,0,0,0,1,3.7
2015,No,24,36,13,60,25,5,24,60,34,3.9,29,8.8,7,2.8,17,4.4,12,5.2,18,8.5,10,8.7,0,0,0,0,32,3.6,4,3.8,22,16.1,63,14,1.6,6,2.4,3,0.8,3,1.3,1,0.5,0,0,0,0,0,0,9,1,0,0,4,2.9
2015,Yes,11,16,6,47,29,5,29,11,52,11.8,37,21.6,6,7.2,17,9.2,20,15.2,28,20.6,19,25,0,0,1,4.5,27,14.8,23,13.8,39,17,89,21,4.8,5,6,10,5.4,5,3.8,2,1.5,0,0,0,0,0,0,2,1.1,6,3.6,13,5.7
2015,No,9,15,3,39,12,3,0,12,19,3.2,23,17.8,3,1.4,14,6.4,8,6.7,8,6.8,9,17.3,0,-1,0,0,23,5.2,1,2.3,18,8.5,42,19,3.2,4,1.8,6,2.7,3,2.5,4,3.4,1,1.9,0,-1,0,0,6,1.4,1,2.3,10,4.7
2015,No,7,10,3,55,13,3,2,7,7,3.2,3,4.2,1,1.6,2,2.2,2,3.1,3,6.7,2,6.5,0,0,0,0,5,3.8,1,4,3,2.5,10,24,10.8,6,9.4,10,11.2,5,7.7,1,2.2,1,3.2,0,0,1,8.3,3,2.3,3,12,17,14
2015,No,21,34,9,45,26,5,26,43,2,0.5,1,0.9,0,0,2,1.4,0,0,0,0,1,2,0,0,0,0,2,0.5,0,0,1,1.3,3,3,0.8,0,0,1,0.7,1,1.3,1,1.8,0,0,0,0,0,0,1,0.3,1,5.9,1,1.3
2015,No,9,16,3,38,14,5,0,20,13,3.3,9,12,4,3,3,2,6,7.3,6,10,3,7.7,0,-1,0,0,6,2.8,2,8.3,12,6.1,22,15,3.9,2,1.5,8,5.4,4,4.9,0,0,1,2.6,0,-1,0,0,2,0.9,0,0,12,6.1
2015,No,2,4,1,24,11,2,0,6,1,5.9,1,50,1,14.3,1,20,0,0,0,0,0,0,0,-1,0,-1,0,0,0,0,2,14.3,2,4,23.5,2,28.6,2,40,0,0,0,0,0,0,0,-1,0,-1,0,0,1,33.3,3,21.4
2015,No,5,9,2,25,9,4,42,5,1,1.4,1,8.3,1,4,0,0,0,0,0,0,0,0,0,0,0,-1,2,11.8,0,0,0,0,2,4,5.8,0,0,2,9.5,1,5.9,0,0,0,0,0,0,0,-1,0,0,0,0,4,8.7
2015,Yes,20,35,5,60,24,13,10,13,15,3.6,11,18,4,4.9,8,4.8,6,5.4,6,6.8,3,9.7,1,50,0,0,6,5.1,3,2,17,10.3,26,30,7.2,8,9.8,11,6.6,7,6.3,3,3.4,1,3.2,1,50,1,3.1,4,3.4,6,4,18,10.9
2015,No,2,4,0,31,0,2,0,8,-2,-2,-2,-2,-2,-2,-2,-2,-2,-2,-2,-2,-2,-2,-2,-2,-2,-2,-2,-2,-2,-2,-2,-2,0,-2,-2,-2,-2,-2,-2,-2,-2,-2,-2,-2,-2,-2,-2,-2,-2,-2,-2,-2,-2,-2,-2
2015,Yes,15,24,7,53,30,4,0,38,74,8.4,37,13.5,5,2.4,25,6.8,19,8.2,32,16,31,19.7,0,-1,0,0,55,10.7,29,7.1,23,12.4,111,25,2.8,2,1,9,2.5,5,2.1,5,2.5,4,2.5,0,-1,0,0,4,0.8,7,1.7,11,5.9
2015,Yes,8,15,1,13,10,6,10,5,9,7,4,44.4,2,6.9,7,13.7,3,10,0,0,0,0,0,0,0,-1,0,0,12,15.2,0,0,13,15,11.7,2,6.9,4,7.8,4,13.3,3,16.7,1,11.1,0,0,0,-1,0,0,7,8.9,9,23.1
2015,Yes,19,31,7,45,41,6,0,90,142,5.7,102,16.2,18,3.1,43,4.1,50,8.6,70,13.5,63,17.2,0,-1,4,5.6,98,8.9,96,7.9,34,6.4,244,64,2.6,13,2.2,22,2.1,13,2.2,10,1.9,6,1.6,0,-1,1,1.4,12,1.1,25,2.1,21,4
2015,No,16,26,6,48,19,5,15,30,31,2.9,23,8.8,4,1.1,9,2.2,8,3.6,20,9.9,14,9.9,0,0,0,0,35,4.1,2,1.7,15,5,54,43,4,9,2.6,16,3.9,9,4,5,2.5,4,2.8,0,0,0,0,12,1.4,5,4.1,23,7.6
2015,No,3,4,2,63,11,1,0,12,1,7.7,0,0,0,0,1,16.7,0,0,0,0,0,0,0,-1,0,0,1,11.1,0,0,1,14.3,1,2,15.4,0,0,0,0,2,28.6,0,0,0,0,0,-1,0,0,0,0,1,50,1,14.3
2015,No,10,16,4,41,17,5,10,22,30,4,32,17.2,9,3.5,23,7.8,11,6.8,9,6.3,10,13.5,0,0,0,0,22,4.7,5,9.8,33,9.1,62,24,3.2,6,2.3,10,3.4,6,3.7,1,0.7,1,1.4,0,0,0,0,5,1.1,0,0,17,4.7
2015,No,10,17,3,33,16,7,9,13,11,4,6,13.3,0,0,5,4.1,4,6.6,3,6.8,4,18.2,2,8.7,0,0,1,1.3,1,2.3,12,8.2,17,35,12.8,7,10.3,14,11.4,8,13.1,3,6.8,2,9.1,2,8.7,0,0,3,3.9,4,9.3,21,14.3
2015,No,6,12,1,32,10,6,5,2,13,6.7,9,37.5,0,0,5,6.9,8,16.7,6,12.2,2,8.7,2,100,0,0,0,0,3,8.6,17,11.3,22,22,11.3,1,3.8,10,13.9,5,10.4,5,10.2,0,0,0,0,0,0,1,5.3,2,5.7,18,11.9
2015,No,11,17,5,57,24,4,13,14,49,5.4,31,11.7,4,1.5,27,7.7,18,8.1,16,7.5,16,12.3,0,0,2,10,27,4.3,20,12.9,32,9.2,80,32,3.5,6,2.3,13,3.7,4,1.8,7,3.3,2,1.5,0,0,1,5,7,1.1,6,3.9,16,4.6
2015,Yes,7,11,4,30,18,4,0,14,3,6.4,1,5.9,0,0,1,5.9,0,0,2,11.1,0,0,0,-1,0,0,1,6.7,1,4.8,1,4,4,2,4.3,0,0,0,0,0,0,2,11.1,0,0,0,-1,0,0,0,0,1,4.8,1,4
2015,No,16,27,7,42,24,6,0,26,25,4.7,11,7.8,4,2.2,8,3.8,7,6.4,9,9,9,12.9,0,-1,0,0,22,4.8,5,10.9,8,5.3,36,5,0.9,1,0.6,1,0.5,1,0.9,1,1,0,0,0,-1,0,0,3,0.7,1,2.2,1,0.7
2015,No,3,5,2,53,15,2,6,0,1,5.9,0,0,0,0,1,16.7,0,0,0,0,0,0,0,0,0,-1,0,0,1,33.3,0,0,1,1,5.9,1,20,0,0,0,0,0,0,0,0,0,0,0,-1,0,0,0,0,1,9.1
2015,No,13,22,5,48,20,6,13,9,20,3.4,21,14.6,3,1.5,16,6.3,11,8.5,7,6.3,4,8,0,0,1,12.5,12,2.8,0,0,28,11.4,41,21,3.5,3,1.5,10,3.9,3,2.3,3,2.7,2,4,0,0,0,0,6,1.4,1,2.2,15,6.1
2015,No,20,34,7,62,22,9,7,51,128,3.5,114,14,29,2.6,60,3.9,55,6.3,59,9.4,39,11.9,3,60,1,1.2,84,5.2,78,4.5,69,7.6,242,146,4,43,3.9,51,3.3,25,2.9,16,2.6,11,3.4,0,0,2,2.4,31,1.9,59,3.4,50,5.5
2015,No,5,10,1,47,11,4,9,0,3,2.6,2,16.7,1,6.7,3,6.4,0,0,1,4.5,0,0,0,0,0,0,0,0,1,3.1,3,4.1,5,14,12.3,2,13.3,6,12.8,4,11.1,2,9.1,0,0,0,0,0,0,0,0,5,15.6,9,12.2
2015,No,2,3,2,0,22,2,0,0,1,12.5,2,40,0,-1,0,0,1,20,1,33.3,0,-1,0,-1,0,0,0,-1,0,0,2,20,3,1,12.5,0,-1,0,0,1,20,0,0,0,-1,0,-1,0,0,0,-1,0,0,1,10
2015,No,14,23,5,45,19,5,5,12,23,3,8,4.3,3,1.2,10,3.1,6,3.3,6,5.2,7,7.9,0,0,3,13,16,2.7,2,1.9,9,4,31,18,2.3,4,1.6,9,2.8,2,1.1,3,2.6,0,0,0,0,1,4.3,6,1,3,2.9,9,4
2015,Yes,8,13,2,40,14,5,7,7,21,5.5,19,27.9,4,5.7,14,8.5,8,8,12,15.8,2,5.1,3,60,0,0,5,5.7,5,5.7,26,11.8,40,26,6.8,4,5.7,11,6.7,7,7,3,3.9,1,2.6,0,0,0,0,1,1.1,5,5.7,18,8.2
2015,No,5,8,2,20,10,4,30,11,1,1.7,5,35.7,2,11.1,0,0,3,13,0,0,1,16.7,1,100,0,0,1,9.1,0,0,4,7.3,6,5,8.6,3,16.7,1,5.6,0,0,1,14.3,0,0,0,0,0,0,0,0,0,0,4,7.3
2015,No,5,8,1,33,11,2,10,11,4,2,4,15.4,0,0,2,2.6,1,2.6,2,5.6,3,21.4,0,0,0,0,3,3.3,2,6.7,3,3.6,8,6,3,1,1.8,2,2.6,2,5.1,0,0,0,0,0,0,1,14.3,1,1.1,0,0,3,3.6
2015,No,4,6,1,35,7,3,0,0,3,20,0,0,2,40,0,0,0,0,1,50,0,0,0,-1,0,-1,1,50,1,33.3,1,8.3,3,2,13.3,1,20,1,25,0,0,0,0,0,0,0,-1,0,-1,1,50,1,33.3,0,0
2016,No,13,21,6,34,11,5,0,37,14,3.4,10,7.9,3,2.3,7,4.1,9,9.7,3,3.9,3,5.1,0,-1,0,0,12,3.3,0,0,11,8,24,9,2.2,3,2.3,3,1.7,2,2.2,1,1.3,1,1.7,0,-1,0,0,5,1.4,1,6.7,3,2.2
2016,No,6,9,3,24,5,2,21,0,0,0,0,0,0,0,0,0,0,0,0,0,0,0,0,0,0,0,0,0,0,0,0,0,0,2,6.9,0,0,1,6.3,1,12.5,0,0,0,0,0,0,0,0,0,0,0,0,2,22.2
2016,No,14,23,4,62,18,8,24,4,45,6.7,25,22.5,6,3.8,23,9.1,19,11.4,13,10.7,10,12.7,12,22.6,0,0,8,5.5,24,8.4,24,8.9,70,38,5.7,7,4.4,16,6.3,7,4.2,5,4.1,3,3.8,4,7.5,0,0,4,2.7,15,5.3,14,5.2
2016,No,13,22,4,41,16,7,5,12,7,2.6,2,4.3,2,2.2,3,2.8,3,5.3,1,2.7,1,5.3,0,0,0,0,2,1.3,0,0,7,5.3,9,11,4.1,4,4.3,5,4.6,2,3.5,1,2.7,0,0,0,0,0,0,4,2.6,0,0,7,5.3
2016,Yes,15,27,3,50,19,10,18,14,162,3.7,97,17.2,24,2.5,66,3.8,60,5.8,69,8.3,40,9.8,1,4,7,2.2,57,6,87,4,99,7.3,259,187,4.3,31,3.3,76,4.4,39,3.8,25,3,16,3.9,2,8,4,1.3,22,2.3,68,3.1,86,6.3
2016,Yes,9,16,2,34,17,6,16,5,20,5.4,12,24,2,2.4,10,6.2,7,9.1,7,10.1,6,18.2,1,20,0,0,4,6.6,7,4.6,20,10.3,32,44,11.8,6,7.3,19,11.7,11,14.3,5,7.2,3,9.1,0,0,0,0,3,4.9,9,5.9,31,16
2016,Yes,8,13,3,37,16,3,16,3,14,7.1,11,20.8,1,2.2,4,4.9,3,7.5,7,15.6,10,26.3,0,0,0,0,12,10.9,8,11.3,4,6.2,25,7,3.5,0,0,3,3.7,0,0,1,2.2,2,5.3,0,0,0,0,2,1.8,1,1.4,2,3.1
2016,Yes,15,24,6,46,13,5,0,0,5,5.5,0,0,0,0,3,6.8,0,0,1,5.3,1,6.7,0,-1,0,0,3,3.8,0,0,1,3.6,5,1,1.1,0,0,1,2.3,0,0,0,0,0,0,0,-1,0,0,0,0,0,0,1,3.6
2016,No,56,88,27,89,65,20,0,36,7,2.9,8,9.6,1,1.8,3,2.9,3,4.3,5,9.8,4,8.7,0,-1,0,0,13,5.5,1,2.6,1,2.2,15,3,1.2,0,0,1,1,2,2.9,0,0,0,0,0,-1,0,0,1,0.4,0,0,1,2.2
2016,No,28,45,12,79,38,12,22,24,99,2.6,92,8.6,18,2.1,53,3.4,42,4,39,4.5,40,6.4,0,0,0,0,52,2.5,27,1.7,108,9.2,191,102,2.6,21,2.4,28,1.8,28,2.7,18,2.1,7,1.1,0,0,0,0,23,1.1,28,1.8,50,4.3
2016,No,32,53,12,76,27,9,20,65,47,2.1,40,7.7,9,1.4,20,2,15,3.3,24,6.2,20,8.2,0,0,0,0,62,3.1,6,3.1,15,3.5,87,47,2.1,8,1.3,22,2.2,7,1.5,7,1.8,3,1.2,0,0,0,0,20,1,2,1,18,4.2
2016,Yes,7,12,2,47,9,8,37,5,0,0,2,22.2,0,0,0,0,1,7.7,1,16.7,0,0,0,0,0,0,0,0,0,0,0,0,2,2,2.7,0,0,2,5.4,0,0,0,0,0,0,0,0,0,0,0,0,0,0,0,0
2016,No,3,5,1,78,6,2,7,5,1,2.8,1,12.5,0,0,1,7.1,0,0,1,25,0,0,0,0,0,0,0,0,0,0,1,4.2,2,3,8.3,0,0,0,0,0,0,0,0,2,28.6,0,0,0,0,0,0,1,11.1,0,0
2016,No,13,22,4,50,18,4,24,22,32,2.7,31,14.6,7,2,11,2.3,12,4.9,13,7.3,20,16,0,0,1,2.9,38,5.1,11,3.8,12,4.2,63,36,3.1,11,3.1,14,2.9,6,2.5,3,1.7,2,1.6,0,0,1,2.9,17,2.3,7,2.4,8,2.8
2016,Yes,9,14,4,44,17,4,31,10,26,6.8,16,15.7,5,4.3,14,8.2,12,14.5,7,10.3,4,9.1,0,0,0,0,4,1.8,3,5.5,34,17.9,42,21,5.5,3,2.6,11,6.4,5,6,1,1.5,1,2.3,0,0,0,0,6,2.8,3,5.5,12,6.3
2016,No,5,8,2,52,8,3,0,14,4,3.8,0,0,1,3.4,0,0,0,0,1,5,2,15.4,0,-1,0,0,1,2.3,0,0,3,4.2,4,6,5.7,0,0,1,2.3,4,14.3,1,5,0,0,0,-1,0,0,0,0,1,10,5,6.9
2016,No,6,10,2,24,10,4,5,11,8,7,1,3.7,0,0,4,7.8,3,10,2,9.1,0,0,0,0,0,0,2,6.3,1,4.3,6,7.8,9,11,9.6,4,16,4,7.8,3,10,0,0,0,0,0,0,0,0,1,3.1,0,0,10,13
2016,Yes,9,15,3,37,30,5,0,16,11,4.1,6,12.5,2,3.5,8,6.3,4,5.6,3,6.3,1,6.3,0,-1,0,0,3,2.8,0,0,13,7.7,17,19,7,3,5.3,6,4.8,5,6.9,3,6.3,1,6.3,0,-1,0,0,1,0.9,1,3,16,9.5
2016,No,30,45,15,69,40,10,8,12,34,4,37,12.1,7,2.5,18,4.5,19,8.4,17,11.4,12,12.6,0,0,0,0,51,6.1,2,2.8,18,7.6,71,28,3.3,5,1.8,10,2.5,6,2.6,4,2.7,3,3.2,0,0,0,0,14,1.7,2,2.8,10,4.2
2016,Yes,4,6,3,116,6,3,0,0,4,12.5,2,11.1,0,0,2,13.3,1,5.6,1,16.7,1,14.3,0,-1,0,-1,2,12.5,0,0,4,12.1,6,1,3.1,0,0,0,0,0,0,1,16.7,0,0,0,-1,0,-1,0,0,0,0,1,3
2016,Yes,22,33,12,54,21,6,0,37,36,4.6,25,8.1,4,1.8,14,3.9,15,7.3,15,8.3,13,9.9,0,-1,0,0,35,4.4,5,5.6,18,11.7,61,15,1.9,2,0.9,9,2.5,3,1.5,1,0.6,0,0,0,-1,0,0,10,1.2,2,2.2,1,0.6
2016,Yes,12,18,7,59,31,6,19,9,63,12.4,41,20.3,7,7.5,29,12.8,30,18.3,20,14.6,18,20.2,0,0,2,5.9,29,12.6,24,13.1,48,19,104,19,3.7,0,0,7,3.1,5,3,2,1.5,4,4.5,0,0,0,0,3,1.3,3,1.6,13,5.1
2016,No,9,15,3,38,13,4,2,14,17,2.7,24,20.5,3,1.4,10,4.5,14,10.9,7,6.4,7,10.8,0,0,0,0,18,4.2,0,0,21,9,41,27,4.3,6,2.7,9,4,4,3.1,5,4.5,2,3.1,0,0,1,5.9,8,1.9,3,6.5,13,5.6
2016,No,6,10,3,52,11,3,2,8,5,2.2,4,6.3,4,6.1,0,0,2,3.1,1,2.6,1,4,0,0,0,0,4,3.1,1,4.3,4,3.4,9,24,10.8,6,9.1,9,9.8,5,7.7,4,10.5,0,0,0,0,0,0,2,1.6,1,4.3,18,15.5
2016,No,17,28,8,39,5,4,9,21,7,2.1,4,4.2,1,0.8,2,1.4,3,4.1,2,4.5,2,5.3,0,0,0,0,9,2.5,0,0,2,3.2,11,5,1.5,2,1.5,2,1.4,1,1.4,1,2.3,0,0,0,0,0,0,4,1.1,0,0,1,1.6
2016,No,10,17,4,43,22,5,0,14,11,2.7,12,12.2,2,1.4,6,3.8,6,7.3,6,6.5,3,9.1,0,-1,0,0,9,3.6,0,0,14,6.8,23,16,3.9,4,2.7,5,3.2,6,7.3,1,1.1,0,0,0,-1,0,0,1,0.4,2,5,13,6.3
2016,No,2,4,0,0,4,2,0,6,0,0,1,100,0,0,0,0,1,50,0,0,0,0,0,-1,0,-1,0,-1,0,0,1,6.7,1,3,18.8,0,0,2,25,1,50,0,0,0,0,0,-1,0,-1,0,-1,0,0,3,20
2016,No,5,8,2,22,11,3,25,10,2,3.2,2,14.3,0,0,3,12,1,6.7,0,0,0,0,0,0,0,0,0,0,0,0,4,10.5,4,5,8.1,3,25,1,4,0,0,0,0,0,0,0,0,0,0,0,0,2,12.5,1,2.6
2016,Yes,21,37,6,79,27,12,38,11,22,4.9,11,15.3,5,5.1,12,5.6,8,7.8,6,7.3,2,7.1,2,25,0,0,10,6.1,5,2.9,15,9.8,33,27,6,1,1,15,7,6,5.8,6,7.3,0,0,2,25,0,0,5,3.1,7,4,12,7.8
2016,No,4,5,3,51,20,2,0,15,-2,-2,-2,-2,-2,-2,-2,-2,-2,-2,-2,-2,-2,-2,-2,-2,-2,-2,-2,-2,-2,-2,-2,-2,0,-2,-2,-2,-2,-2,-2,-2,-2,-2,-2,-2,-2,-2,-2,-2,-2,-2,-2,-2,-2,-2,-2
2016,Yes,15,24,7,48,29,5,0,47,65,7.4,32,11.9,5,2.6,24,6.2,17,8.1,30,13.8,21,15.4,0,-1,1,5.3,48,10.4,25,6.2,21,9.7,97,17,1.9,1,0.5,9,2.3,4,1.9,3,1.4,1,0.7,0,-1,0,0,4,0.9,5,1.2,7,3.2
2016,Yes,7,13,1,16,9,4,14,5,8,7,2,18.2,1,3.7,2,4,3,12,2,14.3,1,11.1,3,15,0,-1,1,20,6,8.1,1,4,10,11,9.6,2,7.4,7,14,1,4,0,0,1,11.1,3,15,0,-1,0,0,7,9.5,1,4
2016,Yes,17,28,7,44,35,5,4,60,127,5.7,82,13,16,3.1,46,4.6,46,8.1,53,11.6,48,14.4,0,0,4,3.4,91,8.5,65,6.2,41,8.2,209,63,2.8,15,2.9,22,2.2,15,2.6,7,1.5,4,1.2,0,0,1,0.8,14,1.3,25,2.4,19,3.8
2016,Yes,17,28,6,48,23,6,13,24,36,3.2,26,9.8,6,1.6,21,4.4,6,2.7,15,8.4,14,9.9,0,0,0,0,32,3.7,4,2.7,22,6.7,62,44,3.9,10,2.6,18,3.8,8,3.6,5,2.8,3,2.1,1,8.3,0,0,15,1.7,3,2,24,7.3
2016,No,7,9,6,111,32,4,7,11,1,3.6,4,22.2,0,0,3,18.8,1,10,0,0,0,0,0,0,0,-1,2,11.1,0,0,3,15.8,5,3,10.7,1,16.7,1,6.3,1,10,0,0,0,0,1,50,0,-1,0,0,0,0,1,5.3
2016,Yes,10,16,4,43,17,5,0,20,37,4.8,41,20.7,8,3.1,33,9.9,18,10.7,15,11.2,5,6.3,0,-1,0,0,18,3.6,3,5.8,55,14.5,78,35,4.5,12,4.7,12,3.6,8,4.7,4,3,0,0,0,-1,0,0,14,2.8,1,1.9,19,5
2016,No,9,15,3,32,13,6,9,8,12,5,7,13.5,2,3.4,7,6.5,5,7.4,4,10.3,2,10.5,4,16.7,1,25,2,2.6,3,7.9,10,7.1,19,28,11.6,6,10.2,13,12,5,7.4,2,5.1,2,10.5,6,25,0,0,2,2.6,1,2.6,19,13.6
2016,No,6,11,2,24,9,6,10,7,8,4.1,4,15.4,2,6.3,1,1.4,5,8.5,3,8.1,1,4.3,1,25,0,0,1,6.7,0,0,9,6,12,21,10.8,2,6.3,9,12.9,8,13.6,2,5.4,0,0,0,0,0,0,1,6.7,3,8.3,16,10.6
2016,No,11,17,5,49,30,4,26,16,49,5.6,32,11.9,6,2.4,26,6.8,21,10.4,17,8.7,11,9.6,0,0,1,4,26,4.7,21,10.5,33,9.5,81,31,3.5,7,2.7,13,3.4,5,2.5,3,1.5,3,2.6,0,0,0,0,8,1.4,5,2.5,18,5.2
2016,Yes,8,12,4,36,15,5,0,7,3,5.9,4,21.1,0,0,2,7.4,0,0,4,26.7,1,16.7,0,-1,0,0,2,11.1,2,11.1,4,12.9,7,3,5.9,0,0,1,3.7,1,9.1,1,6.7,0,0,0,-1,0,0,0,0,1,5.6,2,6.5
2016,No,18,30,7,48,27,6,6,42,25,4.2,18,11.5,2,1,13,5.2,6,5.3,7,6.4,15,16.3,0,0,0,-1,26,5,2,3.8,15,9.4,43,10,1.7,0,0,4,1.6,2,1.8,2,1.8,2,2.2,0,0,0,-1,4,0.8,0,0,5,3.1
2016,No,6,8,3,99,19,3,6,0,2,6.7,2,22.2,0,0,1,10,3,25,0,0,0,0,1,33.3,0,0,0,0,0,0,3,16.7,4,3,10,0,0,2,20,0,0,1,10,0,0,0,0,0,0,0,0,0,0,3,16.7
2016,No,13,22,4,47,15,6,13,7,16,2.7,10,8.1,2,1.1,11,4.6,6,4.7,6,5.7,2,4,0,0,0,0,5,1.2,1,2.8,20,8.2,26,23,3.9,2,1.1,16,6.6,3,2.3,1,0.9,1,2,0,0,0,0,4,0.9,0,0,18,7.3
2016,No,20,33,7,60,21,9,9,44,131,3.5,115,15.1,19,1.9,62,3.7,57,7.1,61,9.9,47,14.4,0,0,3,4.3,81,5.1,86,4.9,67,7.2,246,109,2.9,26,2.5,40,2.4,24,3,15,2.4,5,1.5,0,0,0,0,20,1.2,49,2.8,36,3.9
2016,Yes,6,10,2,81,10,4,8,0,5,4.4,2,9.5,1,3.2,2,4.1,2,6.7,1,5.3,1,16.7,0,0,0,0,1,5,1,3.2,5,6.8,7,13,11.4,2,6.5,8,16.3,3,10,1,5.3,0,0,0,0,0,0,1,5,2,6.5,10,13.5
2016,No,2,3,0,17,0,1,0,0,0,0,0,-1,0,-1,0,0,0,0,0,0,0,0,0,-1,0,-1,0,0,0,-1,0,0,0,1,12.5,0,-1,1,20,0,0,0,0,0,0,0,-1,0,-1,0,0,0,-1,1,14.3
2016,No,13,21,4,40,21,5,10,10,16,2.2,13,8.3,2,1,5,1.6,9,5.7,8,6.5,6,7.2,0,0,0,0,20,3.8,2,1.7,7,3.4,29,21,2.8,5,2.4,8,2.5,4,2.5,2,1.6,1,1.2,0,0,0,0,6,1.1,4,3.4,10,4.9
2016,Yes,7,11,3,40,11,5,13,9,21,6.2,18,19.1,3,4.2,10,7.4,10,10.2,12,16.7,5,8.9,3,30,2,5.9,6,6.7,1,1.4,27,13,39,30,8.9,5,7,10,7.4,6,6.1,5,6.9,4,7.1,0,0,0,0,1,1.1,2,2.9,25,12.1
2016,No,4,7,2,22,0,3,0,22,6,11.3,2,15.4,0,0,2,11.1,2,12.5,1,7.7,2,18.2,0,-1,0,-1,3,25,0,-1,5,10,8,4,7.5,0,0,2,11.1,1,6.3,0,0,0,0,0,-1,0,-1,0,0,0,-1,4,8
2016,No,5,8,1,38,9,2,2,14,7,3.6,4,12.5,0,0,3,4.7,2,5.7,2,6.9,4,14.3,0,0,0,0,4,3.7,0,0,7,9,11,8,4.2,2,2.9,2,3.1,2,5.7,1,3.4,0,0,0,0,0,0,1,0.9,1,4.2,4,5.1
2016,No,4,7,1,0,5,4,22,16,4,22.2,0,0,1,33.3,1,9.1,0,-1,2,66.7,0,0,1,50,0,-1,0,-1,0,0,3,20,4,3,16.7,0,0,3,27.3,0,-1,0,0,0,0,1,50,0,-1,0,-1,0,0,2,13.3
